"GID_0","NAME_0","GID_1","NAME_1","population","coverage_mean","coverage_pop_weighted","type","year"
"AGO","Angola","AGO.1_1","Bengo",630423.812533811,0.193630388170683,0.176892403896827,"mean",2020
"AGO","Angola","AGO.2_1","Benguela",1910804.06391013,0.0851771474970137,0.0756023928164718,"mean",2020
"AGO","Angola","AGO.3_1","Bié",1079362.39245036,0.351324583221821,0.265836274843485,"mean",2020
"AGO","Angola","AGO.4_1","Cabinda",1220604.83241992,0.289081191864257,0.227137953277702,"mean",2020
"AGO","Angola","AGO.5_1","Cuando Cubango",416756.049498595,0.209574094301688,0.332286035062368,"mean",2020
"AGO","Angola","AGO.6_1","Cuanza Norte",346566.948730189,0.302393090218518,0.281520988634522,"mean",2020
"AGO","Angola","AGO.7_1","Cuanza Sul",1872568.07023459,0.198330468411963,0.161219310138174,"mean",2020
"AGO","Angola","AGO.8_1","Cunene",1245089.56874862,0.0812773200986982,0.0640779949616443,"mean",2020
"AGO","Angola","AGO.9_1","Huambo",1679131.2224035,0.0466868452006771,0.0419393831369405,"mean",2020
"AGO","Angola","AGO.10_1","Huíla",3204264.21985912,0.0616631286980731,0.0460283959850663,"mean",2020
"AGO","Angola","AGO.11_1","Luanda",15241357.5096855,0.147069852868164,0.127596611326818,"mean",2020
"AGO","Angola","AGO.12_1","Lunda Norte",878206.845583051,0.234501764596217,0.236892986419091,"mean",2020
"AGO","Angola","AGO.13_1","Lunda Sul",516872.311698422,0.277417534241873,0.188199558834275,"mean",2020
"AGO","Angola","AGO.14_1","Malanje",946501.59828857,0.29842492251476,0.233746832686099,"mean",2020
"AGO","Angola","AGO.15_1","Moxico",1187598.14652974,0.243963100170267,0.26384017503728,"mean",2020
"AGO","Angola","AGO.16_1","Namibe",607222.417046309,0.0505919334650896,0.0413141068996925,"mean",2020
"AGO","Angola","AGO.17_1","Uíge",904249.437147379,0.369765802698916,0.327829073551155,"mean",2020
"AGO","Angola","AGO.18_1","Zaire",753546.245653603,0.284476790024954,0.279047742559004,"mean",2020
"BDI","Burundi","BDI.1_1","Bubanza",420145.683761597,0.068084785171474,0.0707004539088395,"mean",2020
"BDI","Burundi","BDI.2_1","Bujumbura Mairie",859432.817626953,0.040124398842454,0.0556091928376631,"mean",2020
"BDI","Burundi","BDI.3_1","Bujumbura Rural",807568.327159166,0.0416995345706671,0.0552878455314751,"mean",2020
"BDI","Burundi","BDI.4_1","Bururi",861433.549201965,0.0432414723974135,0.0587583547917989,"mean",2020
"BDI","Burundi","BDI.5_1","Cankuzo",330864.427017212,0.25502639920229,0.239790620887434,"mean",2020
"BDI","Burundi","BDI.6_1","Cibitoke",576816.31212616,0.093736902758893,0.100540440081767,"mean",2020
"BDI","Burundi","BDI.7_1","Gitega",911101.340492249,0.120133060051335,0.124128306318273,"mean",2020
"BDI","Burundi","BDI.8_1","Karuzi",540975.994850159,0.232432767967967,0.231424058547903,"mean",2020
"BDI","Burundi","BDI.9_1","Kayanza",844369.972763062,0.0918136542806259,0.0998014712316116,"mean",2020
"BDI","Burundi","BDI.10_1","Kirundo",847842.91530633,0.206356105208397,0.20535366068698,"mean",2020
"BDI","Burundi","BDI.11_1","Makamba",572689.993829489,0.111128401072299,0.143422720845335,"mean",2020
"BDI","Burundi","BDI.12_1","Muramvya",350438.489089966,0.0618961308031313,0.0685054949304851,"mean",2020
"BDI","Burundi","BDI.13_1","Muyinga",991327.835639954,0.232216913348589,0.208412012675325,"mean",2020
"BDI","Burundi","BDI.14_1","Mwaro",347101.864044189,0.041555826993365,0.0483672519013914,"mean",2020
"BDI","Burundi","BDI.15_1","Ngozi",828642.934295654,0.177009367990115,0.16146515275556,"mean",2020
"BDI","Burundi","BDI.16_1","Rutana",530022.941261292,0.172771744430065,0.175070227356218,"mean",2020
"BDI","Burundi","BDI.17_1","Ruyigi",597803.101558685,0.229184386220951,0.228645259557656,"mean",2020
"BEN","Benin","BEN.1_1","Alibori",1197983.46787262,0.344709603240292,0.339296462764918,"mean",2020
"BEN","Benin","BEN.2_1","Atakora",1035398.63365936,0.483811563524333,0.494118984324135,"mean",2020
"BEN","Benin","BEN.3_1","Atlantique",2058978.81917858,0.387993730604649,0.32059582672412,"mean",2020
"BEN","Benin","BEN.4_1","Borgou",1683825.45304012,0.434958394425327,0.390204637870569,"mean",2020
"BEN","Benin","BEN.5_1","Collines",860192.522418022,0.473146531747798,0.443500852132582,"mean",2020
"BEN","Benin","BEN.6_1","Donga",709088.468332291,0.555233861743374,0.483302668527365,"mean",2020
"BEN","Benin","BEN.7_1","Kouffo",918218.641283035,0.473748839419821,0.453124949171171,"mean",2020
"BEN","Benin","BEN.8_1","Littoral",417938.481445312,0.195123799145222,0.192451353492125,"mean",2020
"BEN","Benin","BEN.9_1","Mono",580919.921424866,0.415583177595525,0.392206921145904,"mean",2020
"BEN","Benin","BEN.10_1","Ouémé",1290955.405159,0.311395884065305,0.269129055524418,"mean",2020
"BEN","Benin","BEN.11_1","Plateau",793508.881062984,0.378839618348061,0.316341633539572,"mean",2020
"BEN","Benin","BEN.12_1","Zou",1071180.28944969,0.40271657631721,0.378264442600945,"mean",2020
"BFA","Burkina Faso","BFA.1_1","Boucle du Mouhoun",1917593.22289473,0.211156463583093,0.210240524547713,"mean",2020
"BFA","Burkina Faso","BFA.2_1","Cascades",1135196.98297286,0.250317276006186,0.221799278919242,"mean",2020
"BFA","Burkina Faso","BFA.7_1","Centre",4193918.02395058,0.114193629692583,0.0804464469580046,"mean",2020
"BFA","Burkina Faso","BFA.3_1","Centre-Est",1695088.53459144,0.162723906752734,0.134023384751334,"mean",2020
"BFA","Burkina Faso","BFA.4_1","Centre-Nord",1741130.25023937,0.180155424556548,0.175033765049743,"mean",2020
"BFA","Burkina Faso","BFA.5_1","Centre-Ouest",1709250.87162685,0.221129964403701,0.205569282734963,"mean",2020
"BFA","Burkina Faso","BFA.6_1","Centre-Sud",884817.221496403,0.130210803284643,0.120587109703008,"mean",2020
"BFA","Burkina Faso","BFA.8_1","Est",2029901.50039211,0.296480008878589,0.25795314197408,"mean",2020
"BFA","Burkina Faso","BFA.9_1","Haut-Bassins",2482419.46409488,0.198944716446283,0.177991309790053,"mean",2020
"BFA","Burkina Faso","BFA.10_1","Nord",1589882.22960258,0.138736426203873,0.139922053678584,"mean",2020
"BFA","Burkina Faso","BFA.11_1","Plateau-Central",949344.602345943,0.128453092136677,0.124880847786053,"mean",2020
"BFA","Burkina Faso","BFA.12_1","Sahel",1484485.04733276,0.177062531570617,0.181232218877694,"mean",2020
"BFA","Burkina Faso","BFA.13_1","Sud-Ouest",916531.495243073,0.418601416179337,0.398375208590407,"mean",2020
"BWA","Botswana","BWA.1_1","Central",682436.674943745,0.000402410523707835,0.000409917285022053,"mean",2020
"BWA","Botswana","BWA.2_1","Chobe",26796.5966437459,0.00114876086656619,0.00221042111925915,"mean",2020
"BWA","Botswana","BWA.3_1","Francistown",67886.322022438,0.000324486183671979,0.000380308067564209,"mean",2020
"BWA","Botswana","BWA.4_1","Gaborone",150662.59569931,0,0,"mean",2020
"BWA","Botswana","BWA.5_1","Ghanzi",56726.4264952315,7.54226883626305e-05,5.74793316170458e-05,"mean",2020
"BWA","Botswana","BWA.6_1","Jwaneng",980.13566493988,0,0,"mean",2020
"BWA","Botswana","BWA.7_1","Kgalagadi",57501.6220392978,0,0,"mean",2020
"BWA","Botswana","BWA.8_1","Kgatleng",119309.638449669,1.10540992078644e-05,5.62348467604633e-06,"mean",2020
"BWA","Botswana","BWA.9_1","Kweneng",394971.843288163,3.98523913363286e-07,1.92978416405871e-07,"mean",2020
"BWA","Botswana","BWA.10_1","Lobatse",32185.2454223633,0,0,"mean",2020
"BWA","Botswana","BWA.11_1","North-East",124433.035699248,0.000317726671189305,0.000803292552447022,"mean",2020
"BWA","Botswana","BWA.12_1","North-West",182169.114724144,0.000818969752379075,0.00193875713365776,"mean",2020
"BWA","Botswana","BWA.13_1","Selibe Phikwe",29624.6735782623,0.000877895683515817,0.00119352380467967,"mean",2020
"BWA","Botswana","BWA.14_1","South-East",215058.919792101,0,0,"mean",2020
"BWA","Botswana","BWA.15_1","Southern",240741.572489332,0,0,"mean",2020
"BWA","Botswana","BWA.16_1","Sowa",0,NA,NA,"mean",2020
"CAF","Central African Republic","CAF.1_1","Bamingui-Bangoran",59014.5862508565,0.232673164300513,0.188796088546928,"mean",2020
"CAF","Central African Republic","CAF.2_1","Bangui",596165.841135025,0.429097789525986,0.294939816367019,"mean",2020
"CAF","Central African Republic","CAF.3_1","Basse-Kotto",335079.078368902,0.52082925920303,0.512921759006576,"mean",2020
"CAF","Central African Republic","CAF.4_1","Haut-Mbomou",77132.2598760696,0.395947468666069,0.40806758735226,"mean",2020
"CAF","Central African Republic","CAF.5_1","Haute-Kotto",123893.27804902,0.304580779582174,0.308569326131087,"mean",2020
"CAF","Central African Republic","CAF.6_1","Kémo",161411.398205355,0.469531832508339,0.41213045725887,"mean",2020
"CAF","Central African Republic","CAF.7_1","Lobaye",338923.269004703,0.430187483081812,0.433270403489861,"mean",2020
"CAF","Central African Republic","CAF.8_1","Mambéré-Kadéï",492316.015446961,0.293409743072673,0.269839724472203,"mean",2020
"CAF","Central African Republic","CAF.9_1","Mbomou",218640.675797297,0.414923279165206,0.40298617944417,"mean",2020
"CAF","Central African Republic","CAF.10_1","Nana-Grébizi",161311.240777656,0.354895946473884,0.309910586225949,"mean",2020
"CAF","Central African Republic","CAF.11_1","Nana-Mambéré",320765.169564605,0.249291759521517,0.205176899619084,"mean",2020
"CAF","Central African Republic","CAF.12_1","Ombella-M'Poko",748283.626664937,0.380068349092201,0.409317319704519,"mean",2020
"CAF","Central African Republic","CAF.13_1","Ouaka",379872.712767869,0.464763188562689,0.451804265721181,"mean",2020
"CAF","Central African Republic","CAF.15_1","Ouham",503265.844790727,0.256246997249126,0.201044267624309,"mean",2020
"CAF","Central African Republic","CAF.14_1","Ouham-Pendé",587948.205141902,0.176591554455801,0.145261746052267,"mean",2020
"CAF","Central African Republic","CAF.16_1","Sangha-Mbaéré",141958.024292648,0.3324479498187,0.270980805518345,"mean",2020
"CAF","Central African Republic","CAF.17_1","Vakaga",71000.7414052002,0.148172762477349,0.135782076359369,"mean",2020
"CIV","Côte d'Ivoire","CIV.1_1","Abidjan",5436150.55575085,0.232179007834137,0.148083034917907,"mean",2020
"CIV","Côte d'Ivoire","CIV.2_1","Bas-Sassandra",2637842.54113507,0.34223633069175,0.328115475555921,"mean",2020
"CIV","Côte d'Ivoire","CIV.3_1","Comoé",1332591.86239225,0.387193723403393,0.33093195092143,"mean",2020
"CIV","Côte d'Ivoire","CIV.4_1","Denguélé",339064.679745674,0.227200875859184,0.205855143736345,"mean",2020
"CIV","Côte d'Ivoire","CIV.5_1","Gôh-Djiboua",1893759.45995092,0.358055705401471,0.349575221575259,"mean",2020
"CIV","Côte d'Ivoire","CIV.6_1","Lacs",1470226.67296842,0.51127621103679,0.48342250260127,"mean",2020
"CIV","Côte d'Ivoire","CIV.7_1","Lagunes",1592867.56412983,0.326751382464272,0.29556653384524,"mean",2020
"CIV","Côte d'Ivoire","CIV.8_1","Montagnes",2841965.37352306,0.355820065249134,0.32352104978626,"mean",2020
"CIV","Côte d'Ivoire","CIV.9_1","Sassandra-Marahoué",2765795.76184186,0.480547521110178,0.433982337715877,"mean",2020
"CIV","Côte d'Ivoire","CIV.10_1","Savanes",1977018.22337836,0.263532096477978,0.205787207727304,"mean",2020
"CIV","Côte d'Ivoire","CIV.11_1","Vallée du Bandama",1584975.60154164,0.6725217177773,0.676243583794975,"mean",2020
"CIV","Côte d'Ivoire","CIV.12_1","Woroba",1021181.78991795,0.483675758523526,0.515667691459833,"mean",2020
"CIV","Côte d'Ivoire","CIV.13_1","Yamoussoukro",405161.917465568,0.474033233123956,0.394638468136745,"mean",2020
"CIV","Côte d'Ivoire","CIV.14_1","Zanzan",1044722.94545803,0.386937849333679,0.335038292379122,"mean",2020
"CMR","Cameroon","CMR.1_1","Adamaoua",1463667.30392109,0.255276874362632,0.228935945148558,"mean",2020
"CMR","Cameroon","CMR.2_1","Centre",5802256.32784414,0.343740275935861,0.25363840944432,"mean",2020
"CMR","Cameroon","CMR.3_1","Est",1067758.10368913,0.386689458876205,0.334712898606486,"mean",2020
"CMR","Cameroon","CMR.4_1","Extrême-Nord",4586726.27017835,0.0822499440830646,0.0718782886909664,"mean",2020
"CMR","Cameroon","CMR.5_1","Littoral",4404958.46634877,0.288471783864054,0.21789123114201,"mean",2020
"CMR","Cameroon","CMR.7_1","Nord",3146378.3535651,0.191172297587612,0.140439994626824,"mean",2020
"CMR","Cameroon","CMR.6_1","Nord-Ouest",2353609.06122077,0.262313981195439,0.216289942134347,"mean",2020
"CMR","Cameroon","CMR.8_1","Ouest",2150541.51151375,0.240733151924025,0.20815178826224,"mean",2020
"CMR","Cameroon","CMR.10_1","Sud",976744.530883431,0.453987170339753,0.421581562170153,"mean",2020
"CMR","Cameroon","CMR.9_1","Sud-Ouest",1987840.30545152,0.312065744302124,0.2539961370437,"mean",2020
"COD","Democratic Republic of the Congo","COD.1_1","Bas-Uélé",1504147.71519624,0.556068072448483,0.532820915812045,"mean",2020
"COD","Democratic Republic of the Congo","COD.2_1","Équateur",2403361.6974444,0.347719943964102,0.293101754000924,"mean",2020
"COD","Democratic Republic of the Congo","COD.3_1","Haut-Katanga",10650248.6762778,0.356196227845084,0.221260161619094,"mean",2020
"COD","Democratic Republic of the Congo","COD.4_1","Haut-Lomami",7966491.07182675,0.387298079354657,0.333571277099241,"mean",2020
"COD","Democratic Republic of the Congo","COD.5_1","Haut-Uélé",2112455.91149318,0.537761089424558,0.46536005612808,"mean",2020
"COD","Democratic Republic of the Congo","COD.6_1","Ituri",6126072.25625855,0.367775017674765,0.349395311711241,"mean",2020
"COD","Democratic Republic of the Congo","COD.9_1","Kasaï",6289523.8754635,0.288513875192702,0.283843532520978,"mean",2020
"COD","Democratic Republic of the Congo","COD.7_1","Kasaï-Central",7223428.96672097,0.421492371805457,0.40955538373181,"mean",2020
"COD","Democratic Republic of the Congo","COD.8_1","Kasaï-Oriental",5690987.21604147,0.291560875748595,0.177927715693852,"mean",2020
"COD","Democratic Republic of the Congo","COD.10_1","Kinshasa",7797514.32673589,0.261233516331373,0.103195542422286,"mean",2020
"COD","Democratic Republic of the Congo","COD.11_1","Kongo-Central",3006921.571949,0.313998465087671,0.298967552455204,"mean",2020
"COD","Democratic Republic of the Congo","COD.12_1","Kwango",2344263.35754842,0.342181605090026,0.367511852428387,"mean",2020
"COD","Democratic Republic of the Congo","COD.13_1","Kwilu",4478208.1040704,0.325267849900189,0.301156382350013,"mean",2020
"COD","Democratic Republic of the Congo","COD.14_1","Lomami",4156480.71541649,0.379584093658572,0.427385391354835,"mean",2020
"COD","Democratic Republic of the Congo","COD.15_1","Lualaba",4029147.29477727,0.491419741218459,0.444604847018408,"mean",2020
"COD","Democratic Republic of the Congo","COD.16_1","Maï-Ndombe",1721819.89914561,0.315039951931772,0.24836523422951,"mean",2020
"COD","Democratic Republic of the Congo","COD.17_1","Maniema",3073233.61055857,0.298578319840102,0.253568428697864,"mean",2020
"COD","Democratic Republic of the Congo","COD.18_1","Mongala",2300029.63829777,0.371599476900265,0.343521731387235,"mean",2020
"COD","Democratic Republic of the Congo","COD.19_1","Nord-Kivu",9310629.71500723,0.24638803125925,0.115378209518517,"mean",2020
"COD","Democratic Republic of the Congo","COD.20_1","Nord-Ubangi",1560754.81902695,0.526511640120173,0.475784321838773,"mean",2020
"COD","Democratic Republic of the Congo","COD.21_1","Sankuru",206320.247060263,0.28829214471313,0.216555502377073,"mean",2020
"COD","Democratic Republic of the Congo","COD.22_1","Sud-Kivu",6134380.49285705,0.184221319729917,0.0904766167503435,"mean",2020
"COD","Democratic Republic of the Congo","COD.23_1","Sud-Ubangi",2992850.62279856,0.454927732612346,0.423795345344874,"mean",2020
"COD","Democratic Republic of the Congo","COD.24_1","Tanganyika",5545851.9944212,0.317223510324401,0.327978073438149,"mean",2020
"COD","Democratic Republic of the Congo","COD.25_1","Tshopo",3528209.96601249,0.56357366386041,0.509007607975473,"mean",2020
"COD","Democratic Republic of the Congo","COD.26_1","Tshuapa",1676531.45425821,0.630719555650313,0.643662571710884,"mean",2020
"COG","Republic of Congo","COG.1_1","Bouenza",265286.921427354,0.184276608401567,0.181051259279461,"mean",2020
"COG","Republic of Congo","COG.2_1","Brazzaville",649344.429830194,0.146894113719463,0.148666500028432,"mean",2020
"COG","Republic of Congo","COG.4_1","Cuvette",176851.77378444,0.287009937547062,0.281283013187827,"mean",2020
"COG","Republic of Congo","COG.3_1","Cuvette-Ouest",171690.600812018,0.354741919937593,0.32510124412217,"mean",2020
"COG","Republic of Congo","COG.5_1","Kouilou",369621.539762139,0.327305490969662,0.259441003174869,"mean",2020
"COG","Republic of Congo","COG.6_1","Lékoumou",161783.265579805,0.261701949811114,0.254755723097573,"mean",2020
"COG","Republic of Congo","COG.7_1","Likouala",1129785.12362382,0.470257266457741,0.436240128508875,"mean",2020
"COG","Republic of Congo","COG.8_1","Niari",157227.088704586,0.325683659805147,0.3157723000183,"mean",2020
"COG","Republic of Congo","COG.9_1","Plateaux",116815.806764167,0.197374925057264,0.197037679812521,"mean",2020
"COG","Republic of Congo","COG.10_1","Pointe Noire",101057.836547852,0.177219385902087,0.176052203894444,"mean",2020
"COG","Republic of Congo","COG.11_1","Pool",636506.722700639,0.200120171841155,0.2043060266248,"mean",2020
"COG","Republic of Congo","COG.12_1","Sangha",109784.948267668,0.457791830102603,0.437530548335206,"mean",2020
"CPV","Cape Verde","CPV.1_1","Boa Vista",16716.8362665176,0,0,"mean",2020
"CPV","Cape Verde","CPV.2_1","Brava",3214.36983108521,0,0,"mean",2020
"CPV","Cape Verde","CPV.3_1","Maio",5726.63105416298,0,0,"mean",2020
"CPV","Cape Verde","CPV.4_1","Mosteiros",4389.95810127258,0.000209275458473712,0.000204446669977749,"mean",2020
"CPV","Cape Verde","CPV.5_1","Paúl",5181.01037454605,0,0,"mean",2020
"CPV","Cape Verde","CPV.6_1","Porto Novo",7761.82334697247,0,0,"mean",2020
"CPV","Cape Verde","CPV.7_1","Praia",11775.2251091003,0.0016329960199073,0.00226919675373887,"mean",2020
"CPV","Cape Verde","CPV.8_1","Ribeira Brava",6727.67288899422,0.000265362679177391,0.000401408223735247,"mean",2020
"CPV","Cape Verde","CPV.9_1","Ribeira Grande",21822.286968708,0,0,"mean",2020
"CPV","Cape Verde","CPV.10_1","Ribeira Grande de Santiago",9630.81867408752,0.0005407531716628,0.000588921131360096,"mean",2020
"CPV","Cape Verde","CPV.11_1","Sal",19000.6089115143,0.000575400222442113,0.000560953009593355,"mean",2020
"CPV","Cape Verde","CPV.12_1","Santa Catarina",44236.537191391,0.000598087667943522,0.000527638980222482,"mean",2020
"CPV","Cape Verde","CPV.13_1","Santa Catarina do Fogo",19428.1656188965,6.16672283892209e-05,6.1947915692293e-05,"mean",2020
"CPV","Cape Verde","CPV.14_1","Santa Cruz",20747.5938949585,0,0,"mean",2020
"CPV","Cape Verde","CPV.15_1","São Domingos",13296.8699417114,0.000113840418634936,7.32179686810372e-05,"mean",2020
"CPV","Cape Verde","CPV.16_1","São Filipe",11310.2109193802,0.000392015876838871,0.000252780666343057,"mean",2020
"CPV","Cape Verde","CPV.17_1","São Lourenço dos Órgãos",130414.059467316,0,0,"mean",2020
"CPV","Cape Verde","CPV.18_1","São Miguel",6143.76155662537,0.000253358535701409,0.000206781569193571,"mean",2020
"CPV","Cape Verde","CPV.19_1","São Salvador do Mundo",15154.5807304382,0,0,"mean",2020
"CPV","Cape Verde","CPV.20_1","São Vicente",74313.849193573,0.000505293014005777,0.000914146383942603,"mean",2020
"CPV","Cape Verde","CPV.21_1","Tarrafal",38250.3457107544,0.00057704167556949,0.000300988648293996,"mean",2020
"CPV","Cape Verde","CPV.22_1","Tarrafal de São Nicolau",4231.78840351105,0,0,"mean",2020
"DJI","Djibouti","DJI.1_1","Ali Sabieh",130718.770709038,4.46722016685997e-05,9.07109063794754e-05,"mean",2020
"DJI","Djibouti","DJI.2_1","Dikhil",138112.937571883,0.00150715535626002,0.00098799418330162,"mean",2020
"DJI","Djibouti","DJI.3_1","Djibouti",528999.315176964,0.000607110439579414,0.00368592396168113,"mean",2020
"DJI","Djibouti","DJI.4_1","Obock",63309.7117214203,0.00017342266242239,0.000589278063897724,"mean",2020
"DJI","Djibouti","DJI.5_1","Tadjourah",159070.5014292,0.000422288083115429,0.000419092955223848,"mean",2020
"ERI","Eritrea","ERI.1_1","Anseba",623219.171703339,1.85882467098455e-05,5.03397365268361e-06,"mean",2020
"ERI","Eritrea","ERI.2_1","Debub",1099166.36945176,0.00404602761348872,0.0052649880795577,"mean",2020
"ERI","Eritrea","ERI.3_1","Debubawi Keyih Bahri",108017.713330586,0.00124954928246365,0.00170247960659022,"mean",2020
"ERI","Eritrea","ERI.4_1","Gash Barka",900512.112167597,0.00380644171182603,0.00411906306747614,"mean",2020
"ERI","Eritrea","ERI.5_1","Maekel",918911.637181282,0.000408386017829086,0.000142880605388543,"mean",2020
"ERI","Eritrea","ERI.6_1","Semenawi Keyih Bahri",517135.982921362,0.00747846132572212,0.00511313078493553,"mean",2020
"ETH","Ethiopia","ETH.1_1","Addis Abeba",3586099.36014557,0.00111466206336835,0.000787914237438337,"mean",2020
"ETH","Ethiopia","ETH.2_1","Afar",1850140.1257192,0.00832428931610793,0.0136929900769025,"mean",2020
"ETH","Ethiopia","ETH.3_1","Amhara",22315158.4290172,0.0129712556492778,0.00888560917702036,"mean",2020
"ETH","Ethiopia","ETH.4_1","Benshangul-Gumaz",1158240.24917173,0.0334454034913284,0.0345669756559172,"mean",2020
"ETH","Ethiopia","ETH.5_1","Dire Dawa",478202.027774811,0.0126547854753198,0.0167657883666439,"mean",2020
"ETH","Ethiopia","ETH.6_1","Gambela Peoples",571194.477861434,0.0412172379010815,0.0416227109080449,"mean",2020
"ETH","Ethiopia","ETH.7_1","Harari People",250121.494064331,0.0320007944203954,0.0225085451611723,"mean",2020
"ETH","Ethiopia","ETH.8_1","Oromia",39725158.446756,0.0206984484677962,0.0177458932392953,"mean",2020
"ETH","Ethiopia","ETH.9_1","Somali",6251260.30334234,0.0289151441286093,0.0259556991063181,"mean",2020
"ETH","Ethiopia","ETH.10_1","Southern Nations, Nationalities and Peoples",21618708.2292939,0.0459891674864974,0.0303824058775236,"mean",2020
"ETH","Ethiopia","ETH.11_1","Tigray",5965209.88973522,0.0189730266695426,0.00951446799880344,"mean",2020
"GAB","Gabon","GAB.1_1","Estuaire",1059535.39715238,0.367587569916761,0.309508229209821,"mean",2020
"GAB","Gabon","GAB.2_1","Haut-Ogooué",808008.175807536,0.1926973007562,0.176407650640001,"mean",2020
"GAB","Gabon","GAB.3_1","Moyen-Ogooué",109178.838597067,0.335095226980377,0.35402542669163,"mean",2020
"GAB","Gabon","GAB.4_1","Ngounié",151318.671373874,0.30459324171341,0.297645819419591,"mean",2020
"GAB","Gabon","GAB.5_1","Nyanga",70385.9020173531,0.253823594126744,0.247341310116703,"mean",2020
"GAB","Gabon","GAB.6_1","Ogooué-Ivindo",97184.010961026,0.333199359104957,0.327265684163046,"mean",2020
"GAB","Gabon","GAB.7_1","Ogooué-Lolo",123678.580326498,0.258275902405238,0.250047304973958,"mean",2020
"GAB","Gabon","GAB.8_1","Ogooué-Maritime",168629.840906576,0.300950210157076,0.279252314669853,"mean",2020
"GAB","Gabon","GAB.9_1","Wouleu-Ntem",326773.991745725,0.426876769988615,0.427276658985879,"mean",2020
"GHA","Ghana","GHA.1_1","Ashanti",6836087.50836599,0.229458576675495,0.143424040337167,"mean",2020
"GHA","Ghana","GHA.2_1","Brong Ahafo",2881003.04660697,0.242466787156169,0.228758991509361,"mean",2020
"GHA","Ghana","GHA.3_1","Central",2935003.50962257,0.244064840752116,0.190430763046385,"mean",2020
"GHA","Ghana","GHA.4_1","Eastern",3354372.34451354,0.269357769375609,0.254182443414619,"mean",2020
"GHA","Ghana","GHA.5_1","Greater Accra",5230832.46291018,0.124427008987745,0.0756094601514723,"mean",2020
"GHA","Ghana","GHA.6_1","Northern",3435256.28688613,0.229158176508577,0.221904283959426,"mean",2020
"GHA","Ghana","GHA.7_1","Upper East",1158588.30262715,0.111279067734468,0.106923508239105,"mean",2020
"GHA","Ghana","GHA.8_1","Upper West",845500.159719944,0.195254029953227,0.199522235128485,"mean",2020
"GHA","Ghana","GHA.9_1","Volta",2771222.16870674,0.269144125982239,0.254030595561272,"mean",2020
"GHA","Ghana","GHA.10_1","Western",2880456.56915998,0.369481941042565,0.289521582343811,"mean",2020
"GIN","Guinea","GIN.1_1","Boké",1185493.58073589,0.150164942527356,0.146517633510319,"mean",2020
"GIN","Guinea","GIN.2_1","Conakry",1669485.484447,0.168276616372168,0.13184947157485,"mean",2020
"GIN","Guinea","GIN.3_1","Faranah",1087046.42024875,0.267585119583021,0.260763844404455,"mean",2020
"GIN","Guinea","GIN.4_1","Kankan",2508928.29233491,0.241495297392163,0.192475282515242,"mean",2020
"GIN","Guinea","GIN.5_1","Kindia",2065845.89699361,0.214562623730959,0.1951891708715,"mean",2020
"GIN","Guinea","GIN.6_1","Labé",1077438.57244897,0.138917648452102,0.12147254782554,"mean",2020
"GIN","Guinea","GIN.7_1","Mamou",784740.061406136,0.200659999300626,0.171744262831196,"mean",2020
"GIN","Guinea","GIN.8_1","Nzérékoré",1689511.59247255,0.378404111284028,0.350476532228143,"mean",2020
"GMB","Gambia","GMB.1_1","Banjul",309068.331512451,0.0189861431717873,0.00786268794686793,"mean",2020
"GMB","Gambia","GMB.2_1","Lower River",86718.2615919113,0.0282197039941821,0.0269325732961972,"mean",2020
"GMB","Gambia","GMB.3_1","Maccarthy Island",250864.837192297,0.0414279788784998,0.0400580095751416,"mean",2020
"GMB","Gambia","GMB.4_1","North Bank",226388.616083622,0.0197037604848072,0.0174282810147637,"mean",2020
"GMB","Gambia","GMB.5_1","Upper River",273711.198740005,0.0453124791033246,0.0409359437143731,"mean",2020
"GMB","Gambia","GMB.6_1","Western",1060943.61240292,0.0166380752979421,0.00831677851897862,"mean",2020
"GNB","Guinea-Bissau","GNB.1_1","Bafatá",247584.971262693,0.0839802937049951,0.0766295850946572,"mean",2020
"GNB","Guinea-Bissau","GNB.2_1","Biombo",143315.583922625,0.0599716280897458,0.0555101380897949,"mean",2020
"GNB","Guinea-Bissau","GNB.3_1","Bissau",380589.709217072,0.0492924700180689,0.038908689263422,"mean",2020
"GNB","Guinea-Bissau","GNB.4_1","Bolama",24732.100630641,0.0796482264995575,0.066707570352221,"mean",2020
"GNB","Guinea-Bissau","GNB.5_1","Cacheu",207936.354298279,0.0447993442061402,0.0418803489149465,"mean",2020
"GNB","Guinea-Bissau","GNB.6_1","Gabú",265720.178174019,0.0733793604416608,0.0708162482852238,"mean",2020
"GNB","Guinea-Bissau","GNB.7_1","Oio",263940.798791707,0.0601222141554543,0.058122258775076,"mean",2020
"GNB","Guinea-Bissau","GNB.8_1","Quinara",69504.8738941699,0.0877306676233437,0.0880241278766162,"mean",2020
"GNB","Guinea-Bissau","GNB.9_1","Tombali",98096.0084978342,0.0964598190938604,0.0822523319761512,"mean",2020
"GNQ","Equatorial Guinea","GNQ.1_1","Annobón",2667.12534713745,NA,0,"mean",2020
"GNQ","Equatorial Guinea","GNQ.2_1","Bioko Norte",298672.642156601,0,0,"mean",2020
"GNQ","Equatorial Guinea","GNQ.3_1","Bioko Sur",42519.1569843292,0,0,"mean",2020
"GNQ","Equatorial Guinea","GNQ.4_1","Centro Sur",148819.945459604,0.432303078722892,0.431832777814895,"mean",2020
"GNQ","Equatorial Guinea","GNQ.5_1","Kié-Ntem",182335.129407883,0.487266778037315,0.488687978887987,"mean",2020
"GNQ","Equatorial Guinea","GNQ.6_1","Litoral",358113.613114476,0.374477283756544,0.359350339259746,"mean",2020
"GNQ","Equatorial Guinea","GNQ.7_1","Wele-Nzas",198419.352456093,0.46042849868536,0.458427035453491,"mean",2020
"KEN","Kenya","KEN.1_1","Baringo",804401.317004882,0.0516497223308117,0.0442678687994204,"mean",2020
"KEN","Kenya","KEN.2_1","Bomet",1130100.43026499,0.0280266448369493,0.0324028385782475,"mean",2020
"KEN","Kenya","KEN.3_1","Bungoma",2046278.91822019,0.136917454376817,0.164435990616298,"mean",2020
"KEN","Kenya","KEN.4_1","Busia",955893.977796078,0.382281823248803,0.360540616867269,"mean",2020
"KEN","Kenya","KEN.5_1","Elgeyo-Marakwet",502490.277923584,0.0321414677696374,0.0255101919359056,"mean",2020
"KEN","Kenya","KEN.6_1","Embu",625166.124568089,0.0275861441449665,0.0315211910822014,"mean",2020
"KEN","Kenya","KEN.7_1","Garissa",1490831.91278573,0.0291640380735937,0.0238991556167646,"mean",2020
"KEN","Kenya","KEN.8_1","Homa Bay",1194125.12173629,0.235877274174124,0.251787107331058,"mean",2020
"KEN","Kenya","KEN.9_1","Isiolo",182537.323158402,0.0227704727936129,0.0252152254074168,"mean",2020
"KEN","Kenya","KEN.10_1","Kajiado",1022929.32593978,0.0328674101178525,0.0239742570845886,"mean",2020
"KEN","Kenya","KEN.11_1","Kakamega",1925941.20621678,0.195713033624317,0.203581072492384,"mean",2020
"KEN","Kenya","KEN.12_1","Kericho",1068156.30894332,0.0473151590961676,0.0540511509383585,"mean",2020
"KEN","Kenya","KEN.13_1","Kiambu",1781996.50043793,0.0176166247360962,0.0150834846101705,"mean",2020
"KEN","Kenya","KEN.14_1","Kilifi",1395627.57243669,0.0585719469001804,0.0563869546200784,"mean",2020
"KEN","Kenya","KEN.15_1","Kirinyaga",652116.720494151,0.0263369134424821,0.0330883953110982,"mean",2020
"KEN","Kenya","KEN.16_1","Kisii",1437405.48782349,0.100910579244937,0.103594553406729,"mean",2020
"KEN","Kenya","KEN.17_1","Kisumu",1248101.56995392,0.156868274122477,0.173355238992125,"mean",2020
"KEN","Kenya","KEN.18_1","Kitui",1276468.83583343,0.0315511482803656,0.026609078037176,"mean",2020
"KEN","Kenya","KEN.19_1","Kwale",844420.403548263,0.0478521754080307,0.0409600073203504,"mean",2020
"KEN","Kenya","KEN.20_1","Laikipia",607870.776916265,0.0260164432969336,0.0159229092934134,"mean",2020
"KEN","Kenya","KEN.21_1","Lamu",95018.5816333517,0.0472258604131639,0.0389339412432339,"mean",2020
"KEN","Kenya","KEN.22_1","Machakos",1336989.86645269,0.0281912924721837,0.0279508101195287,"mean",2020
"KEN","Kenya","KEN.23_1","Makueni",1108685.43980613,0.0350168384465707,0.0335287978100048,"mean",2020
"KEN","Kenya","KEN.24_1","Mandera",2634770.12566757,0.0222815445288088,0.020146877124965,"mean",2020
"KEN","Kenya","KEN.25_1","Marsabit",349820.130833987,0.0242019191636423,0.0271150413854672,"mean",2020
"KEN","Kenya","KEN.26_1","Meru",1726238.30218792,0.0260136772185655,0.0410181242526333,"mean",2020
"KEN","Kenya","KEN.27_1","Migori",1165761.14920759,0.118491597867138,0.116952924807546,"mean",2020
"KEN","Kenya","KEN.28_1","Mombasa",1144229.96500397,0.0414572503756393,0.0289615022888748,"mean",2020
"KEN","Kenya","KEN.29_1","Murang'a",1124812.08754327,0.0250130743112253,0.0305180281495097,"mean",2020
"KEN","Kenya","KEN.30_1","Nairobi",4960933.49445486,0.00850392237771302,0.000752090434793721,"mean",2020
"KEN","Kenya","KEN.31_1","Nakuru",2363474.82880771,0.0130704815998503,0.0136218837120135,"mean",2020
"KEN","Kenya","KEN.32_1","Nandi",1110395.55685551,0.0831133629984528,0.0869351045120374,"mean",2020
"KEN","Kenya","KEN.33_1","Narok",1330609.8642516,0.0198642551001215,0.0199028843556427,"mean",2020
"KEN","Kenya","KEN.34_1","Nyamira",769260.338233948,0.0747782926829088,0.0801385682020256,"mean",2020
"KEN","Kenya","KEN.35_1","Nyandarua",687121.031998937,0.000456092686702808,0.000411893768135559,"mean",2020
"KEN","Kenya","KEN.36_1","Nyeri",833941.304484949,0.00909834043889106,0.0215579156829512,"mean",2020
"KEN","Kenya","KEN.37_1","Samburu",329472.075193919,0.0375764212871419,0.0337451356110546,"mean",2020
"KEN","Kenya","KEN.38_1","Siaya",1074861.07771432,0.395317516986679,0.435477676506346,"mean",2020
"KEN","Kenya","KEN.39_1","Taita Taveta",405156.54471004,0.0412032879086713,0.0318850686841404,"mean",2020
"KEN","Kenya","KEN.40_1","Tana River",463104.766336476,0.0342877950666108,0.0300676083965412,"mean",2020
"KEN","Kenya","KEN.41_1","Tharaka-Nithi",431571.639180172,0.0255837141697811,0.0309232603167348,"mean",2020
"KEN","Kenya","KEN.42_1","Trans Nzoia",1190050.50722444,0.0895098135523174,0.102693507416261,"mean",2020
"KEN","Kenya","KEN.43_1","Turkana",1230060.4972608,0.063430844598547,0.0684487447497913,"mean",2020
"KEN","Kenya","KEN.44_1","Uasin Gishu",1409960.90418893,0.0510350336070831,0.0597339311500494,"mean",2020
"KEN","Kenya","KEN.45_1","Vihiga",725733.959703155,0.218716856782083,0.23143139275012,"mean",2020
"KEN","Kenya","KEN.46_1","Wajir",1761079.21807912,0.0203127062413841,0.0197173813080784,"mean",2020
"KEN","Kenya","KEN.47_1","West Pokot",782365.908722758,0.148044749474966,0.124829185873374,"mean",2020
"LBR","Liberia","LBR.1_1","Bomi",143755.262317657,0.371018722038908,0.313254420229893,"mean",2020
"LBR","Liberia","LBR.2_1","Bong",368040.38061738,0.554594375780824,0.544172234437694,"mean",2020
"LBR","Liberia","LBR.3_1","Gbapolu",108570.697178602,0.487738925355604,0.479230630428881,"mean",2020
"LBR","Liberia","LBR.4_1","Grand Cape Mount",155992.723791957,0.397106955763441,0.371692881272798,"mean",2020
"LBR","Liberia","LBR.5_1","GrandBassa",250964.235837936,0.525180367742266,0.39840610767074,"mean",2020
"LBR","Liberia","LBR.6_1","GrandGedeh",165983.930006742,0.567540620928978,0.542838369999254,"mean",2020
"LBR","Liberia","LBR.7_1","GrandKru",59657.8309550285,0.582131443059806,0.512247826866189,"mean",2020
"LBR","Liberia","LBR.8_1","Lofa",311727.201100111,0.434210079933415,0.379635419359196,"mean",2020
"LBR","Liberia","LBR.9_1","Margibi",357835.099094391,0.442264312047225,0.33250259598099,"mean",2020
"LBR","Liberia","LBR.10_1","Maryland",158388.8431499,0.504551650310049,0.458147689755278,"mean",2020
"LBR","Liberia","LBR.11_1","Montserrado",1335741.75012398,0.383041427275281,0.175495748486211,"mean",2020
"LBR","Liberia","LBR.12_1","Nimba",554760.085332632,0.571052777702975,0.545608987007609,"mean",2020
"LBR","Liberia","LBR.13_1","River Cess",92649.1354372501,0.545097032493475,0.481372892196832,"mean",2020
"LBR","Liberia","LBR.14_1","River Gee",104065.852195501,0.545154401904916,0.540503048129359,"mean",2020
"LBR","Liberia","LBR.15_1","Sinoe",116755.88156414,0.601710154088559,0.553528280055999,"mean",2020
"LSO","Lesotho","LSO.1_1","Berea",297544.455370188,NA,0,"mean",2020
"LSO","Lesotho","LSO.2_1","Butha-Buthe",96068.0062103271,NA,0,"mean",2020
"LSO","Lesotho","LSO.3_1","Leribe",268017.693337917,0,0,"mean",2020
"LSO","Lesotho","LSO.4_1","Mafeteng",169593.595931806,0,0,"mean",2020
"LSO","Lesotho","LSO.5_1","Maseru",416146.622198939,0,0,"mean",2020
"LSO","Lesotho","LSO.6_1","Mohale's Hoek",161124.308988988,0,0,"mean",2020
"LSO","Lesotho","LSO.7_1","Mokhotlong",113431.505741476,0,0,"mean",2020
"LSO","Lesotho","LSO.8_1","Qacha's Nek",62514.0898222625,NA,0,"mean",2020
"LSO","Lesotho","LSO.9_1","Quthing",114950.172723453,0,0,"mean",2020
"LSO","Lesotho","LSO.10_1","Thaba-Tseka",127466.087925646,NA,0,"mean",2020
"MDG","Madagascar","MDG.1_1","Antananarivo",7959474.45430923,0.036281370243413,0.0327841514520577,"mean",2020
"MDG","Madagascar","MDG.2_1","Antsiranana",1996124.28603667,0.0478848119388081,0.0463134280810248,"mean",2020
"MDG","Madagascar","MDG.3_1","Fianarantsoa",5673069.18118936,0.0593739078411585,0.0660293437778754,"mean",2020
"MDG","Madagascar","MDG.4_1","Mahajanga",3712882.7032666,0.0572814162004006,0.0556694825606929,"mean",2020
"MDG","Madagascar","MDG.5_1","Toamasina",3566175.33081187,0.0549083897853553,0.0544534617743831,"mean",2020
"MDG","Madagascar","MDG.6_1","Toliary",4535430.99337736,0.0691808115131115,0.0641766111984877,"mean",2020
"MLI","Mali","MLI.1_1","Bamako",3166166.00222778,0.0358879075696071,0.033410422580132,"mean",2020
"MLI","Mali","MLI.2_1","Gao",912983.694678411,0.0620770257138435,0.0903403470977723,"mean",2020
"MLI","Mali","MLI.3_1","Kayes",2931603.5198349,0.131901746745645,0.11402812496641,"mean",2020
"MLI","Mali","MLI.4_1","Kidal",132740.222213848,0.0240460442376011,0.0653609377177661,"mean",2020
"MLI","Mali","MLI.5_1","Koulikoro",4620732.23392618,0.102478378133947,0.0706265447329281,"mean",2020
"MLI","Mali","MLI.6_1","Mopti",2901244.23788226,0.0956590943888926,0.0950849479441975,"mean",2020
"MLI","Mali","MLI.7_1","Ségou",3366379.4005658,0.0909446703457592,0.0903952870247461,"mean",2020
"MLI","Mali","MLI.8_1","Sikasso",4056139.97418353,0.203294923651744,0.186884012307458,"mean",2020
"MLI","Mali","MLI.9_1","Timbuktu",1098160.5062152,0.0129014838605561,0.0676329726507967,"mean",2020
"MOZ","Mozambique","MOZ.1_1","Cabo Delgado",2143343.74120963,0.349110494521536,0.373446979460813,"mean",2020
"MOZ","Mozambique","MOZ.2_1","Gaza",1526577.38990308,0.0873429794100124,0.0788616902279723,"mean",2020
"MOZ","Mozambique","MOZ.3_1","Inhambane",1463383.00030645,0.169079798379829,0.219226111998211,"mean",2020
"MOZ","Mozambique","MOZ.4_1","Manica",2341403.34442306,0.243734805715483,0.228503894279656,"mean",2020
"MOZ","Mozambique","MOZ.6_1","Maputo",1104180.44810384,0.0450328953961697,0.0354621248943442,"mean",2020
"MOZ","Mozambique","MOZ.5_1","Maputo City",2153648.33888435,0.0537522957893088,0.0478215650046948,"mean",2020
"MOZ","Mozambique","MOZ.7_1","Nampula",5937605.58881617,0.3907943272362,0.339606719674624,"mean",2020
"MOZ","Mozambique","MOZ.8_1","Nassa",2188690.26248204,0.335244152004314,0.30242353626683,"mean",2020
"MOZ","Mozambique","MOZ.9_1","Sofala",2270634.58026537,0.267164004079352,0.219419967294537,"mean",2020
"MOZ","Mozambique","MOZ.10_1","Tete",3445224.72170259,0.157716907223826,0.143401596250294,"mean",2020
"MOZ","Mozambique","MOZ.11_1","Zambezia",5740299.31975117,0.429435883422035,0.37783314327357,"mean",2020
"MRT","Mauritania","MRT.1_1","Adrar",60635.6196349934,4.64465147878034e-06,6.18761145501328e-06,"mean",2020
"MRT","Mauritania","MRT.2_1","Assaba",382539.516026214,0.0808708069730153,0.09584204214014,"mean",2020
"MRT","Mauritania","MRT.3_1","Brakna",359243.551384851,0.071223611667234,0.0575205410678502,"mean",2020
"MRT","Mauritania","MRT.4_1","Dakhlet Nouadhibou",100135.215577055,0,0,"mean",2020
"MRT","Mauritania","MRT.5_1","Gorgol",388132.499828815,0.101097365282618,0.0757172917449561,"mean",2020
"MRT","Mauritania","MRT.6_1","Guidimaka",329897.463681221,0.0760881832466112,0.0657268262920497,"mean",2020
"MRT","Mauritania","MRT.7_1","Hodh ech Chargui",599314.77078853,0.0149090199898907,0.0406143691014109,"mean",2020
"MRT","Mauritania","MRT.8_1","Hodh el Gharbi",355392.782380246,0.0312804306195519,0.0370548419984663,"mean",2020
"MRT","Mauritania","MRT.9_1","Inchiri",26192.5431968195,0,0,"mean",2020
"MRT","Mauritania","MRT.10_1","Nouakchott",1352620.10668764,0.0371630843728781,0.111071808649747,"mean",2020
"MRT","Mauritania","MRT.11_1","Tagant",83566.7965527475,0.0113574742731621,0.0532042219401185,"mean",2020
"MRT","Mauritania","MRT.12_1","Tiris Zemmour",61348.2709652716,0,0,"mean",2020
"MRT","Mauritania","MRT.13_1","Trarza",259835.99602755,0.0103134549154419,0.0234374165386412,"mean",2020
"MUS","Mauritius","MUS.1_1","Agalega Islands",81.0463547706604,NA,0,"mean",2020
"MUS","Mauritius","MUS.2_1","Black River",143253.485125542,NA,0,"mean",2020
"MUS","Mauritius","MUS.3_1","Flacq",131406.938966751,NA,0,"mean",2020
"MUS","Mauritius","MUS.4_1","Grand Port",99863.8009248674,NA,0,"mean",2020
"MUS","Mauritius","MUS.5_1","Moka",148214.302044868,NA,0,"mean",2020
"MUS","Mauritius","MUS.6_1","Pamplemousses",152360.508451462,NA,0,"mean",2020
"MUS","Mauritius","MUS.7_1","Plaines Wilhems",289660.241914034,NA,0,"mean",2020
"MUS","Mauritius","MUS.8_1","Port Louis",23389.6571655273,NA,0,"mean",2020
"MUS","Mauritius","MUS.9_1","Rivière du Rempart",96439.4880428314,NA,0,"mean",2020
"MUS","Mauritius","MUS.10_1","Rodriguez",35466.7477378845,NA,0,"mean",2020
"MUS","Mauritius","MUS.11_1","Saint Brandon",0,NA,NA,"mean",2020
"MUS","Mauritius","MUS.12_1","Savanne",53478.2526473999,NA,0,"mean",2020
"MWI","Malawi","MWI.1_1","Balaka",403957.480689526,0.212681239000475,0.214058777562979,"mean",2020
"MWI","Malawi","MWI.2_1","Blantyre",1284095.60390365,0.120995135483693,0.109873562419089,"mean",2020
"MWI","Malawi","MWI.3_1","Chikwawa",562127.318711048,0.147561042061947,0.13426891326645,"mean",2020
"MWI","Malawi","MWI.4_1","Chiradzulu",366061.071023345,0.127177989764793,0.126977186573462,"mean",2020
"MWI","Malawi","MWI.5_1","Chitipa",253632.311448229,0.0927985483800532,0.0993966549491775,"mean",2020
"MWI","Malawi","MWI.6_1","Dedza",826152.998948732,0.0915093316226943,0.110199425587654,"mean",2020
"MWI","Malawi","MWI.7_1","Dowa",824267.365897834,0.162433308568494,0.159687227170414,"mean",2020
"MWI","Malawi","MWI.8_1","Karonga",380684.070688352,0.0496505055015961,0.0771678619296224,"mean",2020
"MWI","Malawi","MWI.9_1","Kasungu",871863.982995384,0.172309438195031,0.176372740338908,"mean",2020
"MWI","Malawi","MWI.10_1","Likoma",4861.03337097168,NA,0,"mean",2020
"MWI","Malawi","MWI.11_1","Lilongwe",3084438.82640975,0.125555806654038,0.12034324305114,"mean",2020
"MWI","Malawi","MWI.12_1","Machinga",711743.569628627,0.283028486174542,0.272711469376134,"mean",2020
"MWI","Malawi","MWI.13_1","Mangochi",1094401.0786686,0.199145594598799,0.22223581777563,"mean",2020
"MWI","Malawi","MWI.14_1","Mchinji",674854.754336043,0.0962804268944908,0.0970049252048059,"mean",2020
"MWI","Malawi","MWI.15_1","Mulanje",647592.5888905,0.13264949052878,0.135660446709882,"mean",2020
"MWI","Malawi","MWI.16_1","Mwanza",134227.833255068,0.105107111856341,0.100680853081907,"mean",2020
"MWI","Malawi","MWI.17_1","Mzimba",1228461.06182012,0.132167214898725,0.122836203296359,"mean",2020
"MWI","Malawi","MWI.18_1","Neno",158821.788241191,0.11004457761844,0.111454202294224,"mean",2020
"MWI","Malawi","MWI.19_1","Nkhata Bay",313776.756847108,0.0626799408207411,0.138314639841814,"mean",2020
"MWI","Malawi","MWI.20_1","Nkhotakota",419467.258479245,0.140732792912276,0.199709850654437,"mean",2020
"MWI","Malawi","MWI.21_1","Nsanje",282132.029107302,0.115222364138154,0.0822531154349177,"mean",2020
"MWI","Malawi","MWI.22_1","Ntcheu",634147.878150413,0.142997234921764,0.143132896536862,"mean",2020
"MWI","Malawi","MWI.23_1","Ntchisi",315410.719904178,0.203634909145972,0.200568198460479,"mean",2020
"MWI","Malawi","MWI.24_1","Phalombe",416208.303423079,0.189354437016524,0.175522306493638,"mean",2020
"MWI","Malawi","MWI.25_1","Rumphi",238338.932419054,0.0618488772504901,0.0857987508887321,"mean",2020
"MWI","Malawi","MWI.26_1","Salima",503306.475902311,0.158841942878146,0.195216705596652,"mean",2020
"MWI","Malawi","MWI.27_1","Thyolo",801505.481209813,0.145938955813269,0.142172719331935,"mean",2020
"MWI","Malawi","MWI.28_1","Zomba",851750.146227714,0.186967072586219,0.202234347599925,"mean",2020
"NAM","Namibia","NAM.1_1","!Karas",84565.8704008496,0,0,"mean",2020
"NAM","Namibia","NAM.2_1","Erongo",199277.93942418,5.32153075582404e-06,3.38913899567801e-07,"mean",2020
"NAM","Namibia","NAM.3_1","Hardap",92115.592790559,0,0,"mean",2020
"NAM","Namibia","NAM.4_1","Kavango",220830.55014457,0.00273655110787902,0.0152716635166164,"mean",2020
"NAM","Namibia","NAM.5_1","Khomas",454502.267317154,1.23635859928712e-06,2.50090435162671e-07,"mean",2020
"NAM","Namibia","NAM.6_1","Kunene",104659.375732181,0.00138508687462805,0.002067652021667,"mean",2020
"NAM","Namibia","NAM.7_1","Ohangwena",242058.097076356,0.00367026439248603,0.0071968859997348,"mean",2020
"NAM","Namibia","NAM.8_1","Omaheke",75185.0167797655,0.000690332130008826,0.000345661789109891,"mean",2020
"NAM","Namibia","NAM.9_1","Omusati",246886.950899276,0.00448153375458787,0.0121101032734956,"mean",2020
"NAM","Namibia","NAM.10_1","Oshana",174085.89422176,0.00568073735368182,0.0378913886060607,"mean",2020
"NAM","Namibia","NAM.11_1","Oshikoto",221544.428776349,0.00254042731084434,0.00602213516714773,"mean",2020
"NAM","Namibia","NAM.12_1","Otjozondjupa",157106.526186417,0.00163333428663885,0.00202397048908656,"mean",2020
"NAM","Namibia","NAM.13_1","Zambezi",100290.522706626,0.0342818049953334,0.0393477976681605,"mean",2020
"NER","Niger","NER.1_1","Agadez",671296.369556883,0.00992849398710497,0.0438771076236149,"mean",2020
"NER","Niger","NER.2_1","Diffa",889355.058534212,0.0137127520623612,0.0569798337802997,"mean",2020
"NER","Niger","NER.3_1","Dosso",2552224.34229946,0.276994135218452,0.288021855445879,"mean",2020
"NER","Niger","NER.4_1","Maradi",4628321.64468849,0.0973003849938919,0.0971720560565447,"mean",2020
"NER","Niger","NER.5_1","Niamey",1192047.65099335,0.128865107521415,0.124389953997134,"mean",2020
"NER","Niger","NER.6_1","Tahoua",5019371.43744054,0.0768556174046711,0.114775325997417,"mean",2020
"NER","Niger","NER.7_1","Tillabéry",3725538.92909145,0.137596133730315,0.150102000858753,"mean",2020
"NER","Niger","NER.8_1","Zinder",5260091.95394558,0.0346857967006151,0.0634607902142576,"mean",2020
"NGA","Nigeria","NGA.1_1","Abia",4242682.77242279,0.497815005547766,0.471749457992185,"mean",2020
"NGA","Nigeria","NGA.2_1","Adamawa",4589459.51340282,0.289739902538965,0.244321670748954,"mean",2020
"NGA","Nigeria","NGA.3_1","Akwa Ibom",5988934.18358135,0.502726054153984,0.492686335267273,"mean",2020
"NGA","Nigeria","NGA.4_1","Anambra",5869516.43431854,0.178006489124409,0.174244605504228,"mean",2020
"NGA","Nigeria","NGA.5_1","Bauchi",7226995.64345074,0.120981297675263,0.111644979661997,"mean",2020
"NGA","Nigeria","NGA.6_1","Bayelsa",2540359.80150127,0.30019706911022,0.271336304276374,"mean",2020
"NGA","Nigeria","NGA.7_1","Benue",6354369.55289841,0.305957795323675,0.289133226106867,"mean",2020
"NGA","Nigeria","NGA.8_1","Borno",6614194.82649994,0.120575434901423,0.113782795941741,"mean",2020
"NGA","Nigeria","NGA.9_1","Cross River",4326543.7683723,0.409448417583982,0.381052097461901,"mean",2020
"NGA","Nigeria","NGA.10_1","Delta",6304987.98897111,0.212504090292682,0.177136886011928,"mean",2020
"NGA","Nigeria","NGA.11_1","Ebonyi",3142078.40332794,0.353157503949317,0.34917388524964,"mean",2020
"NGA","Nigeria","NGA.12_1","Edo",4804837.08376551,0.323277049339114,0.248279769962499,"mean",2020
"NGA","Nigeria","NGA.13_1","Ekiti",3512323.60943794,0.451726570361998,0.429208454030274,"mean",2020
"NGA","Nigeria","NGA.14_1","Enugu",4832253.33425331,0.196075318733307,0.17497816632643,"mean",2020
"NGA","Nigeria","NGA.15_1","Federal Capital Territory",4801845.32012558,0.231011722665066,0.214328557386926,"mean",2020
"NGA","Nigeria","NGA.16_1","Gombe",3706881.95759219,0.209116147882348,0.209208242220093,"mean",2020
"NGA","Nigeria","NGA.17_1","Imo",6060288.67178345,0.390034573145181,0.430341589965471,"mean",2020
"NGA","Nigeria","NGA.18_1","Jigawa",6414424.17365456,0.076551434640849,0.0735315671664348,"mean",2020
"NGA","Nigeria","NGA.19_1","Kaduna",9244042.69056985,0.210341979658004,0.169252972709842,"mean",2020
"NGA","Nigeria","NGA.20_1","Kano",14734745.968008,0.0712969229669771,0.0630661010086843,"mean",2020
"NGA","Nigeria","NGA.21_1","Katsina",8722360.60884857,0.0872512331072025,0.0804565714586239,"mean",2020
"NGA","Nigeria","NGA.22_1","Kebbi",4972560.5572834,0.25101776215746,0.234090058839825,"mean",2020
"NGA","Nigeria","NGA.23_1","Kogi",4970065.69613576,0.237123230575687,0.209919899290016,"mean",2020
"NGA","Nigeria","NGA.24_1","Kwara",3576882.61219668,0.476911821719762,0.407273228192176,"mean",2020
"NGA","Nigeria","NGA.25_1","Lagos",13503263.790319,0.283622086567934,0.195418202714025,"mean",2020
"NGA","Nigeria","NGA.26_1","Nassarawa",2845545.8634423,0.253494206821947,0.247127932797376,"mean",2020
"NGA","Nigeria","NGA.27_1","Niger",6275807.3934609,0.297480503816459,0.254527470616258,"mean",2020
"NGA","Nigeria","NGA.28_1","Ogun",6151696.41499805,0.490302561170076,0.38970083767598,"mean",2020
"NGA","Nigeria","NGA.29_1","Ondo",5195516.79648638,0.456186549819034,0.407109601293407,"mean",2020
"NGA","Nigeria","NGA.30_1","Osun",5207910.53634548,0.542538277215736,0.458612105544294,"mean",2020
"NGA","Nigeria","NGA.31_1","Oyo",8707670.00483072,0.581932588835065,0.463270649422832,"mean",2020
"NGA","Nigeria","NGA.32_1","Plateau",4775830.95480156,0.202908910174437,0.153570449133746,"mean",2020
"NGA","Nigeria","NGA.33_1","Rivers",7252733.86810493,0.28634178735471,0.255542415330124,"mean",2020
"NGA","Nigeria","NGA.34_1","Sokoto",5588418.51554054,0.192229735632528,0.179576465028401,"mean",2020
"NGA","Nigeria","NGA.35_1","Taraba",3379233.73313349,0.333213198906431,0.305296448213154,"mean",2020
"NGA","Nigeria","NGA.36_1","Yobe",3713532.82344437,0.107505667742883,0.103905399673857,"mean",2020
"NGA","Nigeria","NGA.37_1","Zamfara",4957137.81262589,0.191966305190013,0.174984169117905,"mean",2020
"RWA","Rwanda","RWA.1_1","Amajyaruguru",1903021.45274544,0.0156837199863635,0.0155491308114446,"mean",2020
"RWA","Rwanda","RWA.2_1","Amajyepfo",3129110.68286228,0.0279014385684773,0.029785049058894,"mean",2020
"RWA","Rwanda","RWA.3_1","Iburasirazuba",3808058.89027625,0.0410795632800827,0.0407449836889691,"mean",2020
"RWA","Rwanda","RWA.4_1","Iburengerazuba",2825891.10325527,0.0205694126725643,0.0228288233818162,"mean",2020
"RWA","Rwanda","RWA.5_1","Umujyi wa Kigali",1661174.32984924,0.0324580934008255,0.029901198953693,"mean",2020
"SDN","Sudan","SDN.1_1","Al Jazirah",3936919.33675432,0.0124361397717642,0.0129966475055209,"mean",2020
"SDN","Sudan","SDN.2_1","Al Qadarif",1731286.33227509,0.0133932507391627,0.0129001960487275,"mean",2020
"SDN","Sudan","SDN.3_1","Blue Nile",1164657.60547656,0.0334075620042983,0.0272489456400763,"mean",2020
"SDN","Sudan","SDN.4_1","Central Darfur",790980.27640295,0.0335753599780818,0.0314455177578101,"mean",2020
"SDN","Sudan","SDN.5_1","East Darfur",2297308.28428721,0.0313433584181025,0.0293591035525544,"mean",2020
"SDN","Sudan","SDN.6_1","Kassala",2215018.93787789,0.0134766283426157,0.014876370489846,"mean",2020
"SDN","Sudan","SDN.7_1","Khartoum",7373598.45182514,0.00884456360614804,0.00723996899123577,"mean",2020
"SDN","Sudan","SDN.8_1","North Darfur",3355675.67376978,0.0090716176785442,0.0225520597293743,"mean",2020
"SDN","Sudan","SDN.9_1","North Kurdufan",2842393.12374261,0.0107877914726497,0.0161490420768784,"mean",2020
"SDN","Sudan","SDN.10_1","Northern",911316.651649874,0.000703639651515069,0.00512964010906671,"mean",2020
"SDN","Sudan","SDN.11_1","Red Sea",2421646.57513577,0.00548558707204197,0.0107583209199892,"mean",2020
"SDN","Sudan","SDN.12_1","River Nile",1514230.93839937,0.00505065651854112,0.00750807614548871,"mean",2020
"SDN","Sudan","SDN.13_1","Sennar",1755889.24795961,0.0176443210757201,0.0142675739143462,"mean",2020
"SDN","Sudan","SDN.14_1","South Darfur",4302228.81864476,0.0458475046298409,0.0349223289599228,"mean",2020
"SDN","Sudan","SDN.15_1","South Kurdufan",883917.425450206,0.0328543820953706,0.0303636039611271,"mean",2020
"SDN","Sudan","SDN.16_1","West Darfur",808749.375626564,0.028226029929591,0.0293306859081701,"mean",2020
"SDN","Sudan","SDN.17_1","West Kurdufan",1754048.59958744,0.0370973168702335,0.0389289577757599,"mean",2020
"SDN","Sudan","SDN.18_1","White Nile",2536943.20487145,0.0170287125496482,0.0160253934907509,"mean",2020
"SEN","Senegal","SEN.1_1","Dakar",3335467.60921478,0.00338841691761142,0.00418548420247324,"mean",2020
"SEN","Senegal","SEN.2_1","Diourbel",1799956.44056129,0.0188761197865267,0.0242152793961538,"mean",2020
"SEN","Senegal","SEN.3_1","Fatick",869935.277287126,0.0131615935739426,0.0135733878789801,"mean",2020
"SEN","Senegal","SEN.4_1","Kaffrine",697414.884328365,0.0388781876525406,0.0369056936387951,"mean",2020
"SEN","Senegal","SEN.5_1","Kaolack",1148265.19628477,0.0203341104892891,0.0205533548887215,"mean",2020
"SEN","Senegal","SEN.6_1","Kédougou",185033.733764172,0.0168322921442315,0.0192045620140522,"mean",2020
"SEN","Senegal","SEN.7_1","Kolda",798133.164564371,0.0356441993944827,0.0328432037298546,"mean",2020
"SEN","Senegal","SEN.8_1","Louga",1060525.82370412,0.0273600658253134,0.0163096028448837,"mean",2020
"SEN","Senegal","SEN.9_1","Matam",659842.434526086,0.0484153158154037,0.035588722521266,"mean",2020
"SEN","Senegal","SEN.10_1","Saint-Louis",1036254.12758994,0.0166954032814558,0.00833184482814006,"mean",2020
"SEN","Senegal","SEN.11_1","Sédhiou",550594.330756068,0.0164961309380779,0.0155076323354522,"mean",2020
"SEN","Senegal","SEN.12_1","Tambacounda",823118.86239481,0.0460709013210622,0.048424171694384,"mean",2020
"SEN","Senegal","SEN.13_1","Thiès",2062104.46762848,0.00708734929311692,0.00761914638425474,"mean",2020
"SEN","Senegal","SEN.14_1","Ziguinchor",654950.224309176,0.0164163708266919,0.0187407269701002,"mean",2020
"SLE","Sierra Leone","SLE.1_1","Eastern",1485377.42517948,0.36759699822363,0.329085309508234,"mean",2020
"SLE","Sierra Leone","SLE.2_1","Northern",2264926.41212818,0.386837978044767,0.351808085712463,"mean",2020
"SLE","Sierra Leone","SLE.3_1","Southern",1563232.95244791,0.335974452288254,0.307256787620522,"mean",2020
"SLE","Sierra Leone","SLE.4_1","Western",1156992.17945862,0.227609042776749,0.116567002431066,"mean",2020
"SOM","Somalia","SOM.1_1","Awdal",440921.13026166,0.0591952925635647,0.0636367508033359,"mean",2020
"SOM","Somalia","SOM.2_1","Bakool",452912.043454647,0.0783857237826568,0.0780350672798356,"mean",2020
"SOM","Somalia","SOM.3_1","Banaadir",988472.377876282,0.0331646491374288,0.0241966565486119,"mean",2020
"SOM","Somalia","SOM.4_1","Bari",558939.868063986,0.0616822819772402,0.0498059305335554,"mean",2020
"SOM","Somalia","SOM.5_1","Bay",915600.16565752,0.0991689991631937,0.0982923019514249,"mean",2020
"SOM","Somalia","SOM.6_1","Galguduud",488726.451843739,0.0335147222090009,0.0329505344359147,"mean",2020
"SOM","Somalia","SOM.7_1","Gedo",481028.852020383,0.0634369833815539,0.0617517025749433,"mean",2020
"SOM","Somalia","SOM.8_1","Hiiraan",483978.720937014,0.0487664143306475,0.0448114653902215,"mean",2020
"SOM","Somalia","SOM.9_1","Jubbada Dhexe",354722.941799283,0.0823433898608971,0.0785610771974404,"mean",2020
"SOM","Somalia","SOM.10_1","Jubbada Hoose",544950.236697063,0.0649574660952077,0.0520865034951632,"mean",2020
"SOM","Somalia","SOM.11_1","Mudug",515643.657429338,0.0430884660665467,0.0389118607338045,"mean",2020
"SOM","Somalia","SOM.12_1","Nugaal",183036.043951511,0.0470618127939082,0.0431567874056387,"mean",2020
"SOM","Somalia","SOM.13_1","Sanaag",394534.936270952,0.0472356113721617,0.0447841666404113,"mean",2020
"SOM","Somalia","SOM.14_1","Shabeellaha Dhexe",770070.144584417,0.0482650375065911,0.0491111840106895,"mean",2020
"SOM","Somalia","SOM.15_1","Shabeellaha Hoose",1328252.58147907,0.0778264026950089,0.0596441194698963,"mean",2020
"SOM","Somalia","SOM.16_1","Sool",220425.334655523,0.053567356771254,0.0505010236888931,"mean",2020
"SOM","Somalia","SOM.17_1","Togdheer",606273.089143753,0.0654190207514393,0.0610867953879582,"mean",2020
"SOM","Somalia","SOM.18_1","Woqooyi Galbeed",1028145.28042197,0.0520054122600463,0.0593354606070162,"mean",2020
"SSD","South Sudan","SSD.1_1","Central Equatoria",1885856.08013129,0.23487216145885,0.243491211784287,"mean",2020
"SSD","South Sudan","SSD.2_1","Eastern Equatoria",6156785.40750989,0.25242847390182,0.324788934136403,"mean",2020
"SSD","South Sudan","SSD.3_1","Jungoli",2068028.94744214,0.122037516236434,0.11475357534616,"mean",2020
"SSD","South Sudan","SSD.4_1","Lakes",900533.881458558,0.16788624433064,0.141197810966249,"mean",2020
"SSD","South Sudan","SSD.5_1","North Bahr-al-Ghazal",861705.036151826,0.129073267894322,0.097192768405641,"mean",2020
"SSD","South Sudan","SSD.6_1","Unity",955832.224580072,0.0972081346009488,0.0954907717434797,"mean",2020
"SSD","South Sudan","SSD.7_1","Upper Nile",1541284.3920244,0.0921139436657059,0.0949854548546057,"mean",2020
"SSD","South Sudan","SSD.8_1","Warap",1042483.36426294,0.130485513671241,0.113927714632949,"mean",2020
"SSD","South Sudan","SSD.9_1","West Bahr-al-Ghazal",330922.820822746,0.206517003004818,0.208752910148015,"mean",2020
"SSD","South Sudan","SSD.10_1","West Equatoria",951259.967532933,0.360397594880537,0.398172001158376,"mean",2020
"STP","São Tomé and Príncipe","STP.1_1","Príncipe",6591.27982330322,0.000162500621081563,0.000108140307949072,"mean",2020
"STP","São Tomé and Príncipe","STP.2_1","São Tomé",122582.277107239,0.0130399148340696,0.00631077569246084,"mean",2020
"SWZ","Swaziland","SWZ.1_1","Hhohho",308032.927072823,0.000115106314546626,0.000309115440463057,"mean",2020
"SWZ","Swaziland","SWZ.2_1","Lubombo",213705.099897549,0.00018973992455442,0.000160696518825841,"mean",2020
"SWZ","Swaziland","SWZ.3_1","Manzini",366739.684848785,6.14667849187408e-05,0.000210591095633958,"mean",2020
"SWZ","Swaziland","SWZ.4_1","Shiselweni",191982.417162776,1.56994158118096e-06,9.24702741196646e-07,"mean",2020
"SYC","Seychelles","SYC.1_1","Anse aux Pins",0,NA,NA,"mean",2020
"SYC","Seychelles","SYC.2_1","Anse Boileau",8442.22648620605,NA,0,"mean",2020
"SYC","Seychelles","SYC.3_1","Anse Étoile",0,NA,NA,"mean",2020
"SYC","Seychelles","SYC.4_1","Anse Royale",0,NA,NA,"mean",2020
"SYC","Seychelles","SYC.5_1","Au Cap",0,NA,NA,"mean",2020
"SYC","Seychelles","SYC.6_1","Baie Lazare",7387.56750488281,NA,0,"mean",2020
"SYC","Seychelles","SYC.7_1","Baie Sainte Anne",3472.28817749023,NA,0,"mean",2020
"SYC","Seychelles","SYC.8_1","Beau Vallon",0,NA,NA,"mean",2020
"SYC","Seychelles","SYC.9_1","Bel Air",0,NA,NA,"mean",2020
"SYC","Seychelles","SYC.10_1","Belombre",0,NA,NA,"mean",2020
"SYC","Seychelles","SYC.11_1","Cascade",0,NA,NA,"mean",2020
"SYC","Seychelles","SYC.12_1","English River",20074.3611602783,NA,0,"mean",2020
"SYC","Seychelles","SYC.13_1","Glacis",5373.15213012695,NA,0,"mean",2020
"SYC","Seychelles","SYC.14_1","Grand' Anse",0,NA,NA,"mean",2020
"SYC","Seychelles","SYC.15_1","Grand'Anse Praslin",3132.37576293945,NA,0,"mean",2020
"SYC","Seychelles","SYC.16_1","La Digue and Inner Islands",3235.70450592041,NA,0,"mean",2020
"SYC","Seychelles","SYC.17_1","Les Mamelles",0,NA,NA,"mean",2020
"SYC","Seychelles","SYC.18_1","Mont Buxton",0,NA,NA,"mean",2020
"SYC","Seychelles","SYC.19_1","Mont Fleuri",0,NA,NA,"mean",2020
"SYC","Seychelles","SYC.20_1","Outer Islands",267.61641818285,NA,0,"mean",2020
"SYC","Seychelles","SYC.21_1","Plaisance",12185.1463623047,NA,0,"mean",2020
"SYC","Seychelles","SYC.22_1","Pointe La Rue",0,NA,NA,"mean",2020
"SYC","Seychelles","SYC.23_1","Port Glaud",2087.85781478882,NA,0,"mean",2020
"SYC","Seychelles","SYC.24_1","Roche Caïman",0,NA,NA,"mean",2020
"SYC","Seychelles","SYC.25_1","Saint Louis",0,NA,NA,"mean",2020
"SYC","Seychelles","SYC.26_1","Takamaka",2499.85356140137,NA,0,"mean",2020
"TCD","Chad","TCD.1_1","Barh el Ghazel",438262.52966398,0.0340025018074614,0.0697252596576709,"mean",2020
"TCD","Chad","TCD.2_1","Batha",700452.733666062,0.0511845126209674,0.0592620552606999,"mean",2020
"TCD","Chad","TCD.3_1","Borkou",263214.337408736,0.000487557572513667,0.00270595845213019,"mean",2020
"TCD","Chad","TCD.4_1","Chari-Baguirmi",870210.306809306,0.093895591598033,0.0933551711163043,"mean",2020
"TCD","Chad","TCD.5_1","Ennedi Est",285250.78251449,0.00976645798624093,0.0206241657530305,"mean",2020
"TCD","Chad","TCD.6_1","Ennedi Ouest",114039.660750553,0.00614627073048367,0.0145367749840436,"mean",2020
"TCD","Chad","TCD.7_1","Guéra",793180.317581892,0.0862163761502901,0.0735714560045312,"mean",2020
"TCD","Chad","TCD.8_1","Hadjer-Lamis",768323.824414402,0.115656077098153,0.111991591902672,"mean",2020
"TCD","Chad","TCD.9_1","Kanem",552027.364344656,0.0202476353506156,0.067054129962928,"mean",2020
"TCD","Chad","TCD.10_1","Lac",625536.953385226,0.0996640113941478,0.099730125639095,"mean",2020
"TCD","Chad","TCD.11_1","Logone Occidental",838514.638583183,0.0721277771207194,0.066427113649669,"mean",2020
"TCD","Chad","TCD.12_1","Logone Oriental",1254243.25513363,0.104744428275947,0.0855147498578731,"mean",2020
"TCD","Chad","TCD.13_1","Mandoul",872148.843173921,0.104895308888557,0.0902091227291793,"mean",2020
"TCD","Chad","TCD.14_1","Mayo-Kebbi Est",1047365.65797114,0.0616607692417741,0.0595982204546863,"mean",2020
"TCD","Chad","TCD.15_1","Mayo-Kebbi Ouest",756913.099219799,0.0965784553638571,0.0917018445984773,"mean",2020
"TCD","Chad","TCD.16_1","Moyen-Chari",825203.373538658,0.117122463080037,0.114757573464563,"mean",2020
"TCD","Chad","TCD.17_1","Ouaddaï",1166126.85089684,0.0640739208330732,0.064927593414055,"mean",2020
"TCD","Chad","TCD.18_1","Salamat",424952.593911231,0.12281048773853,0.110506987902448,"mean",2020
"TCD","Chad","TCD.19_1","Sila",625226.526407003,0.085590185254305,0.0833196379844951,"mean",2020
"TCD","Chad","TCD.20_1","Tandjilé",852918.192062855,0.0490539001912814,0.0457119825580844,"mean",2020
"TCD","Chad","TCD.21_1","Tibesti",46894.9040554762,0.000358050886187334,0.000700573639703803,"mean",2020
"TCD","Chad","TCD.22_1","Ville de N'Djamena",1182764.70396805,0.112495890818536,0.105312514301466,"mean",2020
"TCD","Chad","TCD.23_1","Wadi Fira",1035869.30178869,0.04236539013162,0.0443123576029652,"mean",2020
"TGO","Togo","TGO.1_1","Centre",851695.857635498,0.312611042587988,0.285482256261655,"mean",2020
"TGO","Togo","TGO.2_1","Kara",931589.149037838,0.274474750422575,0.256289785935162,"mean",2020
"TGO","Togo","TGO.3_1","Maritime",3792645.07204819,0.273148669028661,0.129187472379054,"mean",2020
"TGO","Togo","TGO.4_1","Plateaux",1784073.22741413,0.345168387113218,0.330935920888309,"mean",2020
"TGO","Togo","TGO.5_1","Savanes",1176584.93289757,0.255020503848791,0.200966038018561,"mean",2020
"TZA","Tanzania","TZA.1_1","Arusha",2093063.03076403,0.0467381857067531,0.0530373935532272,"mean",2020
"TZA","Tanzania","TZA.2_1","Dar es Salaam",6498776.41327477,0.03636728616172,0.0319342955254736,"mean",2020
"TZA","Tanzania","TZA.3_1","Dodoma",2471772.12403482,0.0486893863986586,0.0463592412721812,"mean",2020
"TZA","Tanzania","TZA.4_1","Geita",2447769.90239057,0.102419998887001,0.0812115323072837,"mean",2020
"TZA","Tanzania","TZA.5_1","Iringa",1043425.46583501,0.0662471468888846,0.049072529980525,"mean",2020
"TZA","Tanzania","TZA.6_1","Kagera",2830562.82463494,0.0772832890174219,0.0865964476061603,"mean",2020
"TZA","Tanzania","TZA.7_1","Katavi",726225.771966893,0.13482888720223,0.121206335741403,"mean",2020
"TZA","Tanzania","TZA.8_1","Kigoma",2562121.73177981,0.14172373317812,0.128052832130017,"mean",2020
"TZA","Tanzania","TZA.9_1","Kilimanjaro",1868986.84214085,0.0459665222661933,0.0470832754681078,"mean",2020
"TZA","Tanzania","TZA.10_1","Lindi",915629.281686793,0.105440625932956,0.0901943474525851,"mean",2020
"TZA","Tanzania","TZA.11_1","Manyara",1858627.49184647,0.0564064373587914,0.037854249292388,"mean",2020
"TZA","Tanzania","TZA.12_1","Mara",2089565.27679712,0.0594377226136563,0.0759573310430761,"mean",2020
"TZA","Tanzania","TZA.13_1","Mbeya",3337279.50412633,0.0857493363868626,0.0601378906388457,"mean",2020
"TZA","Tanzania","TZA.14_1","Morogoro",2687436.82645945,0.0961733512978329,0.0747828407194352,"mean",2020
"TZA","Tanzania","TZA.15_1","Mtwara",1360934.30087996,0.107365957651997,0.106562667198266,"mean",2020
"TZA","Tanzania","TZA.16_1","Mwanza",3455209.86028743,0.0392032548192341,0.0538309646885673,"mean",2020
"TZA","Tanzania","TZA.17_1","Njombe",747730.211830705,0.0555404920350322,0.0450622905701873,"mean",2020
"TZA","Tanzania","TZA.18_1","Pemba North",205399.220866203,0.0639369724318385,0.0553709076698277,"mean",2020
"TZA","Tanzania","TZA.19_1","Pemba South",200660.203176498,0.0464344477014882,0.0414641554301377,"mean",2020
"TZA","Tanzania","TZA.20_1","Pwani",1391216.2730367,0.0639295773141252,0.0601941904461552,"mean",2020
"TZA","Tanzania","TZA.21_1","Rukwa",1300545.61399731,0.074527846083276,0.0815308989955436,"mean",2020
"TZA","Tanzania","TZA.22_1","Ruvuma",1634416.21288221,0.150831416236711,0.108537148338223,"mean",2020
"TZA","Tanzania","TZA.23_1","Shinyanga",1813510.76626813,0.0601380220151717,0.0557573040182275,"mean",2020
"TZA","Tanzania","TZA.24_1","Simiyu",2056536.46720661,0.0455269132180733,0.0417762161878045,"mean",2020
"TZA","Tanzania","TZA.25_1","Singida",1654161.23600385,0.0727544372862072,0.0438961065739046,"mean",2020
"TZA","Tanzania","TZA.26_1","Tabora",2931319.98141702,0.109342272090154,0.0958522107038056,"mean",2020
"TZA","Tanzania","TZA.27_1","Tanga",2422775.03129435,0.0947380527441624,0.0826175716270331,"mean",2020
"TZA","Tanzania","TZA.28_1","Zanzibar North",187816.420719147,0.0364052258431911,0.0345298693123771,"mean",2020
"TZA","Tanzania","TZA.29_1","Zanzibar South and Central",123575.200709343,0.0335243288427591,0.031474687916064,"mean",2020
"TZA","Tanzania","TZA.30_1","Zanzibar West",736118.978733063,0.0388554558157921,0.0188311394929564,"mean",2020
"UGA","Uganda","UGA.1_1","Adjumani",246593.044848084,0.254299842131635,0.198245761343421,"mean",2020
"UGA","Uganda","UGA.2_1","Apac",1196664.87300992,0.464214183365712,0.47776872812411,"mean",2020
"UGA","Uganda","UGA.3_1","Arua",1365665.30942106,0.180952306980124,0.149747974756288,"mean",2020
"UGA","Uganda","UGA.4_1","Bugiri",689691.622556686,0.440083601474762,0.440780499897681,"mean",2020
"UGA","Uganda","UGA.5_1","Bundibugyo",305486.889164686,0.0998625634761339,0.106092693296339,"mean",2020
"UGA","Uganda","UGA.6_1","Bushenyi",950631.711653545,0.105373227740733,0.106862518491084,"mean",2020
"UGA","Uganda","UGA.7_1","Busia",301805.23658371,0.440874448046088,0.430807936157613,"mean",2020
"UGA","Uganda","UGA.8_1","Gulu",1020171.09830518,0.451046463906122,0.439150407596289,"mean",2020
"UGA","Uganda","UGA.9_1","Hoima",718989.072508276,0.192966072598384,0.187496135477073,"mean",2020
"UGA","Uganda","UGA.10_1","Iganga",1184143.01009941,0.343508792591506,0.35125715212019,"mean",2020
"UGA","Uganda","UGA.11_1","Jinja",529400.409626007,0.251068253289251,0.232276304113652,"mean",2020
"UGA","Uganda","UGA.12_1","Kabale",576521.313814878,0.00984261867152639,0.00681266937505386,"mean",2020
"UGA","Uganda","UGA.13_1","Kabarole",547742.201707363,0.0991816673128084,0.096740562414862,"mean",2020
"UGA","Uganda","UGA.14_1","Kaberamaido",275262.147414863,0.280788944983805,0.286554030956852,"mean",2020
"UGA","Uganda","UGA.15_1","Kalangala",35601.809633404,0.133598562702537,0.132248747790078,"mean",2020
"UGA","Uganda","UGA.16_1","Kampala",1751512.85619068,0.0862743837965859,0.0849788241438474,"mean",2020
"UGA","Uganda","UGA.17_1","Kamuli",1254513.10402608,0.252540925592184,0.277380207961432,"mean",2020
"UGA","Uganda","UGA.18_1","Kamwenge",529759.298338532,0.119117279978175,0.119286459508999,"mean",2020
"UGA","Uganda","UGA.19_1","Kanungu",268147.899934828,0.0996048370997111,0.104083527662703,"mean",2020
"UGA","Uganda","UGA.20_1","Kapchorwa",337746.275650978,0.133938368457028,0.142914532032959,"mean",2020
"UGA","Uganda","UGA.21_1","Kasese",790037.937143177,0.075359455481836,0.0705215229123357,"mean",2020
"UGA","Uganda","UGA.22_1","Katakwi",522851.702299833,0.464249172236057,0.436480357291637,"mean",2020
"UGA","Uganda","UGA.23_1","Kayunga",384702.151418507,0.259386762599402,0.265152880536319,"mean",2020
"UGA","Uganda","UGA.24_1","Kibale",1079356.33080196,0.160658597720392,0.162662229442997,"mean",2020
"UGA","Uganda","UGA.25_1","Kiboga",464278.800963402,0.143877209139564,0.142077809102733,"mean",2020
"UGA","Uganda","UGA.26_1","Kisoro",301720.825071812,0.0203746182693017,0.00940485879119349,"mean",2020
"UGA","Uganda","UGA.27_1","Kitgum",368483.263090611,0.443306561430387,0.443826415548461,"mean",2020
"UGA","Uganda","UGA.28_1","Kotido",516664.386651248,0.405279990607421,0.431510536026758,"mean",2020
"UGA","Uganda","UGA.29_1","Kumi",767675.117913008,0.309775836446456,0.305354662466868,"mean",2020
"UGA","Uganda","UGA.30_1","Kyenjojo",964871.444822311,0.135214512405309,0.135531187320802,"mean",2020
"UGA","Uganda","UGA.31_1","Lake Albert",33961.1290334463,0.0398519928085393,0.157732851890426,"mean",2020
"UGA","Uganda","UGA.32_1","Lake Victoria",285186.260034412,0.0566394373652388,0.289235519803021,"mean",2020
"UGA","Uganda","UGA.33_1","Lira",1272700.21221781,0.371548015863923,0.371493143677357,"mean",2020
"UGA","Uganda","UGA.34_1","Luwero",759210.899175644,0.194057552101917,0.194139217370358,"mean",2020
"UGA","Uganda","UGA.35_1","Masaka",1000937.48175606,0.129202344449314,0.129125912298494,"mean",2020
"UGA","Uganda","UGA.36_1","Masindi",813827.198604584,0.322669362262039,0.281229399602817,"mean",2020
"UGA","Uganda","UGA.37_1","Mayuge",538890.401489258,0.384139467522783,0.381561231581158,"mean",2020
"UGA","Uganda","UGA.38_1","Mbale",1263510.61722183,0.185790864517912,0.197050958813533,"mean",2020
"UGA","Uganda","UGA.39_1","Mbarara",1848158.38398804,0.104982947013154,0.092612675059079,"mean",2020
"UGA","Uganda","UGA.40_1","Moroto",295173.513792276,0.42623170425215,0.389916696151945,"mean",2020
"UGA","Uganda","UGA.41_1","Moyo",121932.996084452,0.129465261562949,0.124106867854547,"mean",2020
"UGA","Uganda","UGA.42_1","Mpigi",580306.86795032,0.124011487049877,0.114063807002202,"mean",2020
"UGA","Uganda","UGA.43_1","Mubende",1239221.24775058,0.137594955766367,0.133858544205287,"mean",2020
"UGA","Uganda","UGA.44_1","Mukono",1341966.43387032,0.178841265355363,0.164183409365606,"mean",2020
"UGA","Uganda","UGA.45_1","Nakapiripirit",349552.227825165,0.350948976586527,0.339303704500049,"mean",2020
"UGA","Uganda","UGA.46_1","Nakasongola",220506.430410326,0.233150043451425,0.234545331608104,"mean",2020
"UGA","Uganda","UGA.47_1","Nebbi",730972.638823479,0.306770023660383,0.304921571352057,"mean",2020
"UGA","Uganda","UGA.48_1","Ntungamo",554289.266548157,0.0768322704653991,0.0787795195175663,"mean",2020
"UGA","Uganda","UGA.49_1","Pader",462641.188409805,0.530299476727291,0.520304288943123,"mean",2020
"UGA","Uganda","UGA.50_1","Pallisa",963936.581137419,0.254905901769156,0.261805330257345,"mean",2020
"UGA","Uganda","UGA.51_1","Rakai",693600.839576542,0.131036407584921,0.134797502821343,"mean",2020
"UGA","Uganda","UGA.52_1","Rukungiri",351052.676499486,0.113436871705806,0.111262499748969,"mean",2020
"UGA","Uganda","UGA.53_1","Sembabule",286457.903970718,0.160361880049953,0.156855573161571,"mean",2020
"UGA","Uganda","UGA.54_1","Sironko",514650.016100883,0.188960985839367,0.188791782038273,"mean",2020
"UGA","Uganda","UGA.55_1","Soroti",726688.0113343,0.257976904511452,0.269253387919854,"mean",2020
"UGA","Uganda","UGA.56_1","Tororo",914097.5885849,0.288110754270663,0.279623496761861,"mean",2020
"UGA","Uganda","UGA.57_1","Wakiso",2812947.95962656,0.121837407183111,0.10809623312099,"mean",2020
"UGA","Uganda","UGA.58_1","Yumbe",659563.885356903,0.138575208825724,0.13846432097801,"mean",2020
"ZAF","South Africa","ZAF.1_1","Eastern Cape",6819464.75567614,0,0,"mean",2020
"ZAF","South Africa","ZAF.2_1","Free State",2823453.02438111,0,0,"mean",2020
"ZAF","South Africa","ZAF.3_1","Gauteng",15707630.7277378,2.65121329440336e-05,3.74927721997227e-06,"mean",2020
"ZAF","South Africa","ZAF.4_1","KwaZulu-Natal",10864307.3136382,0.000131298689965783,0.000201319351873987,"mean",2020
"ZAF","South Africa","ZAF.5_1","Limpopo",5853554.87497957,0.00105524186045212,0.00157718681789113,"mean",2020
"ZAF","South Africa","ZAF.6_1","Mpumalanga",4825732.09583906,0.000380791717830636,0.00118037747927698,"mean",2020
"ZAF","South Africa","ZAF.7_1","North West",4083723.17502062,1.31040130104575e-05,4.67092908026229e-05,"mean",2020
"ZAF","South Africa","ZAF.8_1","Northern Cape",1373163.43079776,0,0,"mean",2020
"ZAF","South Africa","ZAF.9_1","Western Cape",7072992.76080299,0,0,"mean",2020
"ZMB","Zambia","ZMB.1_1","Central",2363347.37950947,0.0961774719698223,0.0817094171068309,"mean",2020
"ZMB","Zambia","ZMB.2_1","Copperbelt",2565138.293046,0.125799016816178,0.0866235746934397,"mean",2020
"ZMB","Zambia","ZMB.3_1","Eastern",2118191.26912349,0.0974210769188582,0.085888070652729,"mean",2020
"ZMB","Zambia","ZMB.4_1","Luapula",1665703.08836649,0.278838557213673,0.266076914121101,"mean",2020
"ZMB","Zambia","ZMB.5_1","Lusaka",2935614.33875434,0.0729391995005142,0.0498163194170697,"mean",2020
"ZMB","Zambia","ZMB.6_1","Muchinga",1020179.41845758,0.109905012936686,0.0920575473015974,"mean",2020
"ZMB","Zambia","ZMB.7_1","North-Western",1049991.63963729,0.111469651449199,0.10318977695632,"mean",2020
"ZMB","Zambia","ZMB.8_1","Northern",1596492.71851892,0.179553414735046,0.153920465129539,"mean",2020
"ZMB","Zambia","ZMB.9_1","Southern",2173228.9846914,0.0378905179820692,0.0382932629930043,"mean",2020
"ZMB","Zambia","ZMB.10_1","Western",1090966.97556242,0.0630646540970393,0.0631068521408109,"mean",2020
"ZWE","Zimbabwe","ZWE.1_1","Bulawayo",617709.1701684,0.000435313544168518,0.000641585210473562,"mean",2020
"ZWE","Zimbabwe","ZWE.2_1","Harare",2218886.14356613,0.00684674903540225,0.00850831179562058,"mean",2020
"ZWE","Zimbabwe","ZWE.3_1","Manicaland",1890238.77471447,0.011258927491064,0.0103708373180707,"mean",2020
"ZWE","Zimbabwe","ZWE.4_1","Mashonaland Central",1280768.9750424,0.0311252870874345,0.0197010214237091,"mean",2020
"ZWE","Zimbabwe","ZWE.5_1","Mashonaland East",1597821.80333221,0.00950381639725295,0.00738468159296534,"mean",2020
"ZWE","Zimbabwe","ZWE.6_1","Mashonaland West",1849522.76486502,0.0247690991502632,0.0122424789942165,"mean",2020
"ZWE","Zimbabwe","ZWE.7_1","Masvingo",1633122.60498355,0.0053841602916251,0.00536294384456325,"mean",2020
"ZWE","Zimbabwe","ZWE.8_1","Matabeleland North",797134.022890192,0.0085865228180248,0.00994304499639048,"mean",2020
"ZWE","Zimbabwe","ZWE.9_1","Matabeleland South",708246.948809505,0.00154509268631515,0.00139735532960798,"mean",2020
"ZWE","Zimbabwe","ZWE.10_1","Midlands",1733487.63890018,0.00754788074296766,0.00708421162595813,"mean",2020
