"GID_0","NAME_0","GID_1","NAME_1","GID_2","NAME_2","population","coverage_mean","coverage_pop_weighted","year"
"DJI","Djibouti","DJI.1_1","Ali Sabieh","DJI.1.1_1","Ali Sabieh",130591.899083614,5.38213217043904e-05,0.000101075001882933,2020
"DJI","Djibouti","DJI.2_1","Dikhil","DJI.2.1_1","As Eyla",35596.6892032772,0.00115085680811942,0.000722036766895322,2020
"DJI","Djibouti","DJI.2_1","Dikhil","DJI.2.2_1","Dikhil",52672.7923865318,5.92128410020471e-05,0.000187431790847437,2020
"DJI","Djibouti","DJI.2_1","Dikhil","DJI.2.3_1","Yoboki",52491.7429801077,0.00248322845686604,0.00226469285142661,2020
"DJI","Djibouti","DJI.3_1","Djibouti","DJI.3.1_1","Djibouti",576388.337894917,0.000589676434447028,0.00350475064293379,2020
"DJI","Djibouti","DJI.4_1","Obock","DJI.4.1_1","Alaili Dadda",15601.5050644875,0.000147998393388017,0.000247088243764866,2020
"DJI","Djibouti","DJI.4_1","Obock","DJI.4.2_1","Obock",47982.2865793705,0.000187417254844637,0.000640239204275328,2020
"DJI","Djibouti","DJI.5_1","Tadjourah","DJI.5.1_1","Balha",33731.8614053726,0.00102378642092321,0.00139051636643239,2020
"DJI","Djibouti","DJI.5_1","Tadjourah","DJI.5.2_1","Dorra",28725.288901329,0.000355384604251014,0.000580423014144708,2020
"DJI","Djibouti","DJI.5_1","Tadjourah","DJI.5.3_1","Randa",46428.8883230686,1.9851087931202e-05,2.53428355798405e-05,2020
"DJI","Djibouti","DJI.5_1","Tadjourah","DJI.5.4_1","Tadjourah",48464.8060526848,0.000138189568176017,0.000114683839335912,2020
"ERI","Eritrea","ERI.1_1","Anseba","ERI.1.1_1","Asmara City",283980.304473877,4.24922416998795e-07,1.945361971168e-07,2020
"ERI","Eritrea","ERI.1_1","Anseba","ERI.1.2_1","Berikh",109252.334442139,6.70092249066556e-07,4.6722565842917e-07,2020
"ERI","Eritrea","ERI.1_1","Anseba","ERI.1.3_1","Ghala Nefhi",178430.724018097,5.97168343335172e-07,3.73031602010926e-07,2020
"ERI","Eritrea","ERI.1_1","Anseba","ERI.1.4_1","Serejeka",62662.0839958191,4.24897281994583e-06,3.69127554111408e-06,2020
"ERI","Eritrea","ERI.2_1","Debub","ERI.2.1_1","Afabet",200900.896903753,0.000539133803323226,0.000658585977571905,2020
"ERI","Eritrea","ERI.2_1","Debub","ERI.2.2_1","Foro",131840.212603092,0.00334862428480473,0.00297193105610052,2020
"ERI","Eritrea","ERI.2_1","Debub","ERI.2.3_1","Ghelaelo'",75151.7587426901,0.00466805412999104,0.00699080136043205,2020
"ERI","Eritrea","ERI.2_1","Debub","ERI.2.4_1","Ghida`e",178138.764007568,0.0109079691158,0.00942031354098769,2020
"ERI","Eritrea","ERI.2_1","Debub","ERI.2.5_1","Karora",85327.311234355,0.00501495738238351,0.007827765755067,2020
"ERI","Eritrea","ERI.2_1","Debub","ERI.2.6_1","Mitswa`e City",77987.1829652786,0.000517644939117461,0.000473148342232613,2020
"ERI","Eritrea","ERI.2_1","Debub","ERI.2.7_1","Nakfa",205082.091065407,0.00542589508782601,0.0055359829757791,2020
"ERI","Eritrea","ERI.2_1","Debub","ERI.2.8_1","Sheib",137193.894480705,0.00762876795898706,0.00680750267432845,2020
"ERI","Eritrea","ERI.3_1","Debubawi Keyih Bahri","ERI.3.1_1","Areta'",26634.6072494388,0.00237437668063923,0.00367768762610127,2020
"ERI","Eritrea","ERI.3_1","Debubawi Keyih Bahri","ERI.3.2_1","Central So. Red-Sea",22738.3101375103,0.000341143609365428,0.000297349142443742,2020
"ERI","Eritrea","ERI.3_1","Debubawi Keyih Bahri","ERI.3.3_1","Dahlak",6424.42120736837,0.0148335898200855,0.0167849635213629,2020
"ERI","Eritrea","ERI.3_1","Debubawi Keyih Bahri","ERI.3.4_1","So. Southern Red-Sea",49601.1735136285,7.11087935295198e-06,7.95375707402409e-06,2020
"ERI","Eritrea","ERI.4_1","Gash Barka","ERI.4.1_1","Akordat",23277.8819789886,0.00821421700327293,0.00813861073765054,2020
"ERI","Eritrea","ERI.4_1","Gash Barka","ERI.4.2_1","Barentu",32331.4225969315,0.00130029349384131,0.000767861095040704,2020
"ERI","Eritrea","ERI.4_1","Gash Barka","ERI.4.3_1","Dghe",97542.1567940712,0.00686914045945741,0.0082196751377383,2020
"ERI","Eritrea","ERI.4_1","Gash Barka","ERI.4.4_1","Forto",59004.461152792,0.00549140134279326,0.00580719646618046,2020
"ERI","Eritrea","ERI.4_1","Gash Barka","ERI.4.5_1","Gogne",61142.4317092896,0.00165849651423995,0.00162175889685727,2020
"ERI","Eritrea","ERI.4_1","Gash Barka","ERI.4.6_1","Haykota",64042.9254765511,0.00374190760339843,0.00317040057434496,2020
"ERI","Eritrea","ERI.4_1","Gash Barka","ERI.4.7_1","La`Elay Gash",91748.5774784088,0.00183561531503074,0.00201727317433458,2020
"ERI","Eritrea","ERI.4_1","Gash Barka","ERI.4.8_1","Logo Anseba",64923.7523794174,0.0165141213201383,0.00980698324609554,2020
"ERI","Eritrea","ERI.4_1","Gash Barka","ERI.4.9_1","Mansura",58521.1976585388,0.00458701475092735,0.00557565559823901,2020
"ERI","Eritrea","ERI.4_1","Gash Barka","ERI.4.10_1","Mogolo",27290.3348894119,0.00172220263006845,0.00154304251945812,2020
"ERI","Eritrea","ERI.4_1","Gash Barka","ERI.4.11_1","Omhajer",124550.270195007,0.00128955499333391,0.00189001137275475,2020
"ERI","Eritrea","ERI.4_1","Gash Barka","ERI.4.12_1","Shemboko",120671.406564713,0.00158366571997209,0.0029833653999278,2020
"ERI","Eritrea","ERI.4_1","Gash Barka","ERI.4.13_1","Teseneye",69531.5764808655,0.0057611828728673,0.0031387800116508,2020
"ERI","Eritrea","ERI.5_1","Maekel","ERI.5.1_1","Adi Keyih",97388.400560379,5.08133280783195e-05,3.10275736062674e-05,2020
"ERI","Eritrea","ERI.5_1","Maekel","ERI.5.2_1","Adi Kwala",74373.1739654541,0.000171663979468584,0.000154785737245004,2020
"ERI","Eritrea","ERI.5_1","Maekel","ERI.5.3_1","Areza",118288.76850605,0.000550861301338187,0.00028660087881967,2020
"ERI","Eritrea","ERI.5_1","Maekel","ERI.5.4_1","Dekemehare",96907.9022474289,4.20227044843834e-05,1.45023984689368e-05,2020
"ERI","Eritrea","ERI.5_1","Maekel","ERI.5.5_1","Dibarwa",106548.585417747,0.000684669171934004,0.000134040662384267,2020
"ERI","Eritrea","ERI.5_1","Maekel","ERI.5.6_1","Kudo Bu`er",39118.6850795746,5.78388209584446e-05,4.25126706663772e-05,2020
"ERI","Eritrea","ERI.5_1","Maekel","ERI.5.7_1","May Mine",32409.0360155106,0.00184591924202183,0.00136776164200756,2020
"ERI","Eritrea","ERI.5_1","Maekel","ERI.5.8_1","Mendefera",105316.606685638,8.22328696536978e-06,5.63681084779105e-06,2020
"ERI","Eritrea","ERI.5_1","Maekel","ERI.5.9_1","Segeneyiti",74026.3519096375,3.03547460370217e-05,1.66219014650033e-05,2020
"ERI","Eritrea","ERI.5_1","Maekel","ERI.5.10_1","Senafe",80544.0270166397,0.000186211411471504,6.92124330400954e-05,2020
"ERI","Eritrea","ERI.5_1","Maekel","ERI.5.11_1","Tsorena",74211.458147049,0.000341281845243834,0.000280171262560895,2020
"ERI","Eritrea","ERI.6_1","Semenawi Keyih Bahri","ERI.6.1_1","Adi Teklezan",43161.5120697021,1.87777557982827e-05,1.32775962525879e-05,2020
"ERI","Eritrea","ERI.6_1","Semenawi Keyih Bahri","ERI.6.2_1","Asmat",66043.491856575,0.0109010922915527,0.00952451872755481,2020
"ERI","Eritrea","ERI.6_1","Semenawi Keyih Bahri","ERI.6.3_1","Elabered",42588.6130418777,0.00709486479254906,0.00693623962299574,2020
"ERI","Eritrea","ERI.6_1","Semenawi Keyih Bahri","ERI.6.4_1","Gheleb",24950.2194957733,7.76005155266128e-06,5.29346622690463e-06,2020
"ERI","Eritrea","ERI.6_1","Semenawi Keyih Bahri","ERI.6.5_1","Habero",36217.996336937,0.00460527415975354,0.00374136606898487,2020
"ERI","Eritrea","ERI.6_1","Semenawi Keyih Bahri","ERI.6.6_1","Hagaz",50085.724779129,0.0139184415802766,0.0148093746978612,2020
"ERI","Eritrea","ERI.6_1","Semenawi Keyih Bahri","ERI.6.7_1","Halhal",105067.183220863,0.000519988298965732,0.000313764126163544,2020
"ERI","Eritrea","ERI.6_1","Semenawi Keyih Bahri","ERI.6.8_1","Keren",43007.8127059937,6.07999257529931e-05,0.000123111368580793,2020
"ERI","Eritrea","ERI.6_1","Semenawi Keyih Bahri","ERI.6.9_1","Kerke Bet",42919.0918197632,0.00719854075870007,0.00661761298754234,2020
"ERI","Eritrea","ERI.6_1","Semenawi Keyih Bahri","ERI.6.10_1","Sel`a",72736.2284424305,0.00773304197062785,0.0117271636139435,2020
"ETH","Ethiopia","ETH.1_1","Addis Abeba","ETH.1.1_1","Addis Abeba",3497567.77962112,0.000938849331130489,0.000854096214763082,2020
"ETH","Ethiopia","ETH.2_1","Afar","ETH.2.1_1","Afar Zone 1",540426.639254719,0.00728554867131255,0.0126214605680677,2020
"ETH","Ethiopia","ETH.2_1","Afar","ETH.2.2_1","Afar Zone 2",455141.674409702,0.0109788317656728,0.021937176830002,2020
"ETH","Ethiopia","ETH.2_1","Afar","ETH.2.3_1","Afar Zone 3",274685.121965677,0.00886533639086223,0.0133973725776032,2020
"ETH","Ethiopia","ETH.2_1","Afar","ETH.2.4_1","Afar Zone 4",327270.166831374,0.00741487414888341,0.0104042027104594,2020
"ETH","Ethiopia","ETH.2_1","Afar","ETH.2.5_1","Afar Zone 5",246666.364352226,0.00405595707633783,0.00475588678835787,2020
"ETH","Ethiopia","ETH.3_1","Amhara","ETH.3.1_1","Agew Awi",1260083.31186152,0.0237705134178621,0.0114567588655135,2020
"ETH","Ethiopia","ETH.3_1","Amhara","ETH.3.2_1","Argoba",39475.035774231,0.00869935059633392,0.00819822819985545,2020
"ETH","Ethiopia","ETH.3_1","Amhara","ETH.3.3_1","Bahir Dar Special Zone",0,NA,NA,2020
"ETH","Ethiopia","ETH.3_1","Amhara","ETH.3.4_1","Debub Gondar",2652115.71739107,0.00265685288686115,0.00198660906856288,2020
"ETH","Ethiopia","ETH.3_1","Amhara","ETH.3.5_1","Debub Wollo",3265451.81828547,0.00355011962200418,0.0024207010874173,2020
"ETH","Ethiopia","ETH.3_1","Amhara","ETH.3.6_1","Mirab Gojjam",2913817.3905956,0.0158822299909953,0.015752009074988,2020
"ETH","Ethiopia","ETH.3_1","Amhara","ETH.3.7_1","Misraq Gojjam",2918069.86120796,0.0180952234875398,0.0100549997396079,2020
"ETH","Ethiopia","ETH.3_1","Amhara","ETH.3.8_1","North Shewa",2351487.72038937,0.0123860490739755,0.0116542075656255,2020
"ETH","Ethiopia","ETH.3_1","Amhara","ETH.3.9_1","Oromia",624109.290754318,0.00673913284408627,0.00629405308961286,2020
"ETH","Ethiopia","ETH.3_1","Amhara","ETH.3.10_1","Semen Gondar",3787470.26834059,0.0202743049965594,0.012474960292928,2020
"ETH","Ethiopia","ETH.3_1","Amhara","ETH.3.11_1","Semen Wello",1960566.47737479,0.00525553817356562,0.00530839253519663,2020
"ETH","Ethiopia","ETH.3_1","Amhara","ETH.3.12_1","Wag Himra",552438.444201469,0.00414588647344986,0.002903257842709,2020
"ETH","Ethiopia","ETH.4_1","Benshangul-Gumaz","ETH.4.1_1","Asosa",524677.491499186,0.0322444954849975,0.0358027672108152,2020
"ETH","Ethiopia","ETH.4_1","Benshangul-Gumaz","ETH.4.2_1","Kemashi",164010.124227643,0.0433972174114483,0.0555031987436923,2020
"ETH","Ethiopia","ETH.4_1","Benshangul-Gumaz","ETH.4.3_1","Metekel",472567.010937631,0.0314216898313175,0.0341135869843316,2020
"ETH","Ethiopia","ETH.5_1","Dire Dawa","ETH.5.1_1","Dire Dawa",484742.961767197,0.0122268160886858,0.0152943861075862,2020
"ETH","Ethiopia","ETH.6_1","Gambela Peoples","ETH.6.1_1","Agnuak",264775.602293879,0.0431947960368808,0.046515188126404,2020
"ETH","Ethiopia","ETH.6_1","Gambela Peoples","ETH.6.2_1","Majang",118405.595028281,0.0368368673801154,0.0530260837759004,2020
"ETH","Ethiopia","ETH.6_1","Gambela Peoples","ETH.6.3_1","Nuer",200761.839310169,0.0331679504943084,0.0349238080630239,2020
"ETH","Ethiopia","ETH.7_1","Harari People","ETH.7.1_1","Hareri",258622.637577057,0.0375685941352889,0.0229726567683185,2020
"ETH","Ethiopia","ETH.8_1","Oromia","ETH.8.1_1","Arsi",3862419.71605408,0.0193902717646632,0.014938071066205,2020
"ETH","Ethiopia","ETH.8_1","Oromia","ETH.8.2_1","Bale",2073061.61457694,0.0148651846274268,0.0148069891920219,2020
"ETH","Ethiopia","ETH.8_1","Oromia","ETH.8.3_1","Borena",1468837.76995672,0.0141958682873121,0.0217017694802793,2020
"ETH","Ethiopia","ETH.8_1","Oromia","ETH.8.4_1","Debub Mirab Shewa",1643083.69326723,0.00060886623965669,0.000452564852485559,2020
"ETH","Ethiopia","ETH.8_1","Oromia","ETH.8.5_1","Guji",2054079.16192484,0.027828755200765,0.0261951858217215,2020
"ETH","Ethiopia","ETH.8_1","Oromia","ETH.8.6_1","Horo Guduru",828211.251675636,0.0390039254164733,0.0241390778267395,2020
"ETH","Ethiopia","ETH.8_1","Oromia","ETH.8.7_1","Ilubabor",1852795.11882138,0.0432389882966665,0.0449522697041396,2020
"ETH","Ethiopia","ETH.8_1","Oromia","ETH.8.8_1","Jimma",3824887.69126511,0.0514311874658664,0.0472553266682303,2020
"ETH","Ethiopia","ETH.8_1","Oromia","ETH.8.9_1","Kelem Wellega",1176249.42850435,0.0534036188336866,0.0470945321425144,2020
"ETH","Ethiopia","ETH.8_1","Oromia","ETH.8.10_1","Mirab Arsi",2910181.22790504,0.00357777584019054,0.00285036884130258,2020
"ETH","Ethiopia","ETH.8_1","Oromia","ETH.8.11_1","Mirab Hararghe",2768036.30543518,0.0135968202620385,0.00800002613104152,2020
"ETH","Ethiopia","ETH.8_1","Oromia","ETH.8.12_1","Mirab Shewa",3140513.2705574,0.011993900335629,0.00825815485293675,2020
"ETH","Ethiopia","ETH.8_1","Oromia","ETH.8.13_1","Mirab Welega",1980206.12656403,0.0306968002404646,0.0259218699575106,2020
"ETH","Ethiopia","ETH.8_1","Oromia","ETH.8.14_1","Misraq Harerge",3993311.0732851,0.00459487678014945,0.00321098804754177,2020
"ETH","Ethiopia","ETH.8_1","Oromia","ETH.8.15_1","Misraq Shewa",2333639.57406926,0.00548550402938921,0.00419855255866758,2020
"ETH","Ethiopia","ETH.8_1","Oromia","ETH.8.16_1","Misraq Wellega",1791862.95487809,0.0388195200478341,0.0283393962445954,2020
"ETH","Ethiopia","ETH.8_1","Oromia","ETH.8.17_1","North Shewa",2124513.99607849,0.0111612683816255,0.00957010526776256,2020
"ETH","Ethiopia","ETH.9_1","Somali","ETH.9.1_1","Afder",807275.47286737,0.0438707297922304,0.0496088029605663,2020
"ETH","Ethiopia","ETH.9_1","Somali","ETH.9.2_1","Doolo",402172.571669221,0.0172674066920095,0.0200050469079015,2020
"ETH","Ethiopia","ETH.9_1","Somali","ETH.9.3_1","Fafan",1344949.39460373,0.00175546467780127,0.00162589229452106,2020
"ETH","Ethiopia","ETH.9_1","Somali","ETH.9.4_1","Jarar",671532.295490742,0.00913276342772907,0.00662860545521891,2020
"ETH","Ethiopia","ETH.9_1","Somali","ETH.9.5_1","Korahe",439484.331560373,0.0224779750872281,0.0290331102179382,2020
"ETH","Ethiopia","ETH.9_1","Somali","ETH.9.6_1","Liben",663514.170234203,0.0580806237673999,0.0579684511504763,2020
"ETH","Ethiopia","ETH.9_1","Somali","ETH.9.7_1","Nogob",484299.435260534,0.0271530927006589,0.026015854101245,2020
"ETH","Ethiopia","ETH.9_1","Somali","ETH.9.8_1","Shabelle",659523.393089533,0.0478366094636938,0.0496032972089847,2020
"ETH","Ethiopia","ETH.9_1","Somali","ETH.9.9_1","Siti",781409.665620804,0.00743754950829507,0.0116048625364812,2020
"ETH","Ethiopia","ETH.10_1","Southern Nations, Nationalities and Peoples","ETH.10.1_1","Alaba",325488.203697205,0.000318820605314567,0.000296342959373113,2020
"ETH","Ethiopia","ETH.10_1","Southern Nations, Nationalities and Peoples","ETH.10.2_1","Alle",103325.31985569,0.0455667663458735,0.0463988196890867,2020
"ETH","Ethiopia","ETH.10_1","Southern Nations, Nationalities and Peoples","ETH.10.3_1","Amaro",216675.786203682,0.108567250777075,0.196345958954746,2020
"ETH","Ethiopia","ETH.10_1","Southern Nations, Nationalities and Peoples","ETH.10.4_1","Basketo",89211.0568704605,0.0830244779459793,0.133276461266519,2020
"ETH","Ethiopia","ETH.10_1","Southern Nations, Nationalities and Peoples","ETH.10.5_1","Bench Maji",955648.50517118,0.0567308112387834,0.0620203103482731,2020
"ETH","Ethiopia","ETH.10_1","Southern Nations, Nationalities and Peoples","ETH.10.6_1","Burji",86892.9191007614,0.0213090678331472,0.0208941769761586,2020
"ETH","Ethiopia","ETH.10_1","Southern Nations, Nationalities and Peoples","ETH.10.7_1","Dawro",714838.652692318,0.0892648873383917,0.103342639959599,2020
"ETH","Ethiopia","ETH.10_1","Southern Nations, Nationalities and Peoples","ETH.10.8_1","Debub Omo",839574.147595927,0.0417772020217522,0.0835445266717457,2020
"ETH","Ethiopia","ETH.10_1","Southern Nations, Nationalities and Peoples","ETH.10.9_1","Derashe",105562.882798553,0.0393023231176123,0.0387880103603652,2020
"ETH","Ethiopia","ETH.10_1","Southern Nations, Nationalities and Peoples","ETH.10.10_1","Gamo Gofa",2293230.70514034,0.0771696965687529,0.0750122472713482,2020
"ETH","Ethiopia","ETH.10_1","Southern Nations, Nationalities and Peoples","ETH.10.11_1","Gedeo",1182590.14015961,0.0144054462999179,0.0145411626770702,2020
"ETH","Ethiopia","ETH.10_1","Southern Nations, Nationalities and Peoples","ETH.10.12_1","Gurage",1868465.65137482,0.00175913131861499,0.00111805293285276,2020
"ETH","Ethiopia","ETH.10_1","Southern Nations, Nationalities and Peoples","ETH.10.13_1","Hadiya",1760080.86522865,0.00971165460134002,0.00510522831311393,2020
"ETH","Ethiopia","ETH.10_1","Southern Nations, Nationalities and Peoples","ETH.10.14_1","Keffa",1278426.36480117,0.0607765052788253,0.0506173238221196,2020
"ETH","Ethiopia","ETH.10_1","Southern Nations, Nationalities and Peoples","ETH.10.15_1","Kembata Tembaro",1019854.33839417,0.00801460615005361,0.00547779766400657,2020
"ETH","Ethiopia","ETH.10_1","Southern Nations, Nationalities and Peoples","ETH.10.16_1","Konso",337502.029820442,0.0143527614870311,0.0136346605245352,2020
"ETH","Ethiopia","ETH.10_1","Southern Nations, Nationalities and Peoples","ETH.10.17_1","Konta",137596.742042542,0.129342159682146,0.139392833686594,2020
"ETH","Ethiopia","ETH.10_1","Southern Nations, Nationalities and Peoples","ETH.10.18_1","Sheka",274491.549913883,0.00848822363087882,0.0288431576519822,2020
"ETH","Ethiopia","ETH.10_1","Southern Nations, Nationalities and Peoples","ETH.10.19_1","Sidama",4633795.34281015,0.0190775608449975,0.013060439247433,2020
"ETH","Ethiopia","ETH.10_1","Southern Nations, Nationalities and Peoples","ETH.10.20_1","Silti",1088130.86292171,0.00019986128486417,0.000156252790985328,2020
"ETH","Ethiopia","ETH.10_1","Southern Nations, Nationalities and Peoples","ETH.10.21_1","Wolayita",2156185.11140347,0.0317836943643073,0.0260382897820548,2020
"ETH","Ethiopia","ETH.10_1","Southern Nations, Nationalities and Peoples","ETH.10.22_1","Yem",121752.923755646,0.0488560428949878,0.0463259770772213,2020
"ETH","Ethiopia","ETH.11_1","Tigray","ETH.11.1_1","Debubawi",1678006.25476742,0.00519286654556634,0.00330767125001535,2020
"ETH","Ethiopia","ETH.11_1","Tigray","ETH.11.2_1","Mehakelegnaw",1711359.70578575,0.0128667564417352,0.00771327463754179,2020
"ETH","Ethiopia","ETH.11_1","Tigray","ETH.11.3_1","Mi'irabawi",487993.943882942,0.0321144066405928,0.0332804669277415,2020
"ETH","Ethiopia","ETH.11_1","Tigray","ETH.11.4_1","Misraqawi",1063228.940516,0.00822444095952539,0.00271024922415988,2020
"ETH","Ethiopia","ETH.11_1","Tigray","ETH.11.5_1","Semien Mi'irabaw",1022282.504673,0.02544590705016,0.018674049365868,2020
"GAB","Gabon","GAB.1_1","Estuaire","GAB.1.1_1","Komo",15415.2782301009,0.363429628695951,0.375957159106886,2020
"GAB","Gabon","GAB.1_1","Estuaire","GAB.1.2_1","Komo-Mondah",1012657.300179,0.37464304751641,0.250306162710496,2020
"GAB","Gabon","GAB.1_1","Estuaire","GAB.1.3_1","Noya",12583.6362654865,0.369238591743904,0.341310713251803,2020
"GAB","Gabon","GAB.2_1","Haut-Ogooué","GAB.2.1_1","Léboumbi-Leyou",170395.822543979,0.222230572348986,0.198362427854137,2020
"GAB","Gabon","GAB.2_1","Haut-Ogooué","GAB.2.2_1","Léconi-Djoué",87889.4111173153,0.140795384460094,0.182423947796463,2020
"GAB","Gabon","GAB.2_1","Haut-Ogooué","GAB.2.3_1","Lékoko",24339.0727054477,0.256362727737945,0.227397442528082,2020
"GAB","Gabon","GAB.2_1","Haut-Ogooué","GAB.2.4_1","Mpassa",421873.323334098,0.174338894142281,0.16550247810921,2020
"GAB","Gabon","GAB.2_1","Haut-Ogooué","GAB.2.5_1","Plateaux",42570.9707868099,0.106722966608298,0.117275453689476,2020
"GAB","Gabon","GAB.2_1","Haut-Ogooué","GAB.2.6_1","Sébé-Brikolo",62027.1798725724,0.249863774537347,0.239361626095953,2020
"GAB","Gabon","GAB.3_1","Moyen-Ogooué","GAB.3.1_1","Abanga-Bigné",24729.478104651,0.296677202376581,0.302274619579426,2020
"GAB","Gabon","GAB.3_1","Moyen-Ogooué","GAB.3.2_1","Ogooué et des Lacs",84707.0897539929,0.377502657583194,0.371156069560319,2020
"GAB","Gabon","GAB.4_1","Ngounié","GAB.4.1_1","Boumi-lowetsi",36710.2676483989,0.336008832919708,0.330439781829556,2020
"GAB","Gabon","GAB.4_1","Ngounié","GAB.4.2_1","Dola",13146.9342526793,0.229809720899649,0.234153152604536,2020
"GAB","Gabon","GAB.4_1","Ngounié","GAB.4.3_1","Douya Onoye",38342.1364609897,0.308321767494458,0.278698114999164,2020
"GAB","Gabon","GAB.4_1","Ngounié","GAB.4.4_1","Louetsi-Wano",14937.5555324554,0.294761293700763,0.288418978103711,2020
"GAB","Gabon","GAB.4_1","Ngounié","GAB.4.5_1","Ndolou",7886.78356295824,0.314234006270092,0.301217356651793,2020
"GAB","Gabon","GAB.4_1","Ngounié","GAB.4.6_1","Ogoulou",21186.4548870325,0.300884200162898,0.301596255548748,2020
"GAB","Gabon","GAB.4_1","Ngounié","GAB.4.7_1","Tsamba Mangotsi",19278.0371789038,0.304746676768575,0.299601879999548,2020
"GAB","Gabon","GAB.5_1","Nyanga","GAB.5.1_1","Basse Banio",8905.68725982308,0.280124863624111,0.250103651824061,2020
"GAB","Gabon","GAB.5_1","Nyanga","GAB.5.2_1","Douigny",9828.57376897335,0.306758692931561,0.297924910478411,2020
"GAB","Gabon","GAB.5_1","Nyanga","GAB.5.3_1","Haute-Banio",2069.30393087678,0.275097658921932,0.225153632531509,2020
"GAB","Gabon","GAB.5_1","Nyanga","GAB.5.4_1","Mougoutsi",49839.0306914449,0.236679772402141,0.233086054017672,2020
"GAB","Gabon","GAB.6_1","Ogooué-Ivindo","GAB.6.1_1","Ivindo",42680.960665822,0.35635444437696,0.345891314395966,2020
"GAB","Gabon","GAB.6_1","Ogooué-Ivindo","GAB.6.2_1","Lopé",23424.0552608371,0.263931298227805,0.250646963522004,2020
"GAB","Gabon","GAB.6_1","Ogooué-Ivindo","GAB.6.3_1","Mvoung",8564.18363982439,0.316816689497834,0.312197335968462,2020
"GAB","Gabon","GAB.6_1","Ogooué-Ivindo","GAB.6.4_1","Zadié",22112.506937027,0.379622049165028,0.380038879792772,2020
"GAB","Gabon","GAB.7_1","Ogooué-Lolo","GAB.7.1_1","Lolo Bouenguidi",56790.8439066112,0.266224314382202,0.261383974732391,2020
"GAB","Gabon","GAB.7_1","Ogooué-Lolo","GAB.7.2_1","Lombo-Bouenguidi",12252.5141261816,0.267031361516431,0.256109917260319,2020
"GAB","Gabon","GAB.7_1","Ogooué-Lolo","GAB.7.3_1","Mouloudnou",54238.5567474365,0.252308681203967,0.242020904345187,2020
"GAB","Gabon","GAB.8_1","Ogooué-Maritime","GAB.8.1_1","Bendjé",145273.993425295,0.321546408605863,0.260307018292933,2020
"GAB","Gabon","GAB.8_1","Ogooué-Maritime","GAB.8.2_1","Étimboué",11116.2040012917,0.295224778500977,0.262331171512142,2020
"GAB","Gabon","GAB.8_1","Ogooué-Maritime","GAB.8.3_1","Ndougou",12681.9468103517,0.283717648050672,0.263681675516074,2020
"GAB","Gabon","GAB.9_1","Wouleu-Ntem","GAB.9.1_1","Haut-Como",13676.0402370095,0.379440257182488,0.384239732642795,2020
"GAB","Gabon","GAB.9_1","Wouleu-Ntem","GAB.9.2_1","Haut-Ntem",34047.6696479917,0.474177830343816,0.477191461219543,2020
"GAB","Gabon","GAB.9_1","Wouleu-Ntem","GAB.9.3_1","Ntem",84869.8608026505,0.473236217861995,0.458065528880113,2020
"GAB","Gabon","GAB.9_1","Wouleu-Ntem","GAB.9.4_1","Okano",39669.2212281227,0.349061741777088,0.355083031394005,2020
"GAB","Gabon","GAB.9_1","Wouleu-Ntem","GAB.9.5_1","Woleu",148015.479057074,0.431572185235592,0.417083967397487,2020
"GHA","Ghana","GHA.1_1","Ashanti","GHA.1.1_1","Adansi North",183248.488002777,0.213427704983744,0.177199335978612,2020
"GHA","Ghana","GHA.1_1","Ashanti","GHA.1.2_1","Adansi South",147403.732439041,0.276383087038994,0.269608264433543,2020
"GHA","Ghana","GHA.1_1","Ashanti","GHA.1.3_1","Afigya Sekyere",368770.034030914,0.183231407900651,0.172441900900969,2020
"GHA","Ghana","GHA.1_1","Ashanti","GHA.1.4_1","Ahafo Ano North",135966.897367477,0.258683484875494,0.253175493072359,2020
"GHA","Ghana","GHA.1_1","Ashanti","GHA.1.5_1","Ahafo Ano South",110875.416139603,0.210001913601892,0.203100720018043,2020
"GHA","Ghana","GHA.1_1","Ashanti","GHA.1.6_1","Amansie Central",237431.191819191,0.24390765093267,0.219825325695195,2020
"GHA","Ghana","GHA.1_1","Ashanti","GHA.1.7_1","Amansie East",112147.135217547,0.258354577948065,0.254689127520792,2020
"GHA","Ghana","GHA.1_1","Ashanti","GHA.1.8_1","Amansie West",180425.498575211,0.224238179990503,0.217962808892515,2020
"GHA","Ghana","GHA.1_1","Ashanti","GHA.1.9_1","Asante Akim North",155955.112103462,0.204190192447192,0.190849971969699,2020
"GHA","Ghana","GHA.1_1","Ashanti","GHA.1.10_1","Asante Akim South",136013.092113495,0.279816176377091,0.27330901865797,2020
"GHA","Ghana","GHA.1_1","Ashanti","GHA.1.11_1","Atwima",242647.43132019,0.188992260531946,0.147029875864704,2020
"GHA","Ghana","GHA.1_1","Ashanti","GHA.1.12_1","Atwima Mponua",148860.177910805,0.260888969025961,0.253481104705327,2020
"GHA","Ghana","GHA.1_1","Ashanti","GHA.1.13_1","Bosomtwe-Kwanwoma",492831.067709923,0.191788399920744,0.155455199569529,2020
"GHA","Ghana","GHA.1_1","Ashanti","GHA.1.14_1","Ejisu-Juabeng",172456.166861534,0.196900628764054,0.163675088537428,2020
"GHA","Ghana","GHA.1_1","Ashanti","GHA.1.15_1","Ejura Sekyedumase",96357.3963956833,0.15223757165765,0.145329964891583,2020
"GHA","Ghana","GHA.1_1","Ashanti","GHA.1.16_1","Kumasi",3220294.82243347,0.0962898681561152,0.0892844628382854,2020
"GHA","Ghana","GHA.1_1","Ashanti","GHA.1.17_1","Kwabre",120434.463676453,0.149171528220177,0.140632815158092,2020
"GHA","Ghana","GHA.1_1","Ashanti","GHA.1.18_1","Obuasi Municipal",74028.0877513885,0.256931382275763,0.247866513450129,2020
"GHA","Ghana","GHA.1_1","Ashanti","GHA.1.19_1","Offinso",171438.056100845,0.192010934863772,0.172401512449337,2020
"GHA","Ghana","GHA.1_1","Ashanti","GHA.1.20_1","Sekyere East",135402.147984028,0.282468256550004,0.223770021032576,2020
"GHA","Ghana","GHA.1_1","Ashanti","GHA.1.21_1","Sekyere West",197407.852362633,0.197652552423515,0.173360512594864,2020
"GHA","Ghana","GHA.2_1","Brong Ahafo","GHA.2.1_1","Asunafo North",99933.1075744629,0.341405770942277,0.311595691920445,2020
"GHA","Ghana","GHA.2_1","Brong Ahafo","GHA.2.2_1","Asunafo South",133083.05821991,0.322566422747403,0.313531457949984,2020
"GHA","Ghana","GHA.2_1","Brong Ahafo","GHA.2.3_1","Asutifi",155682.201888084,0.279201458994444,0.253499063422748,2020
"GHA","Ghana","GHA.2_1","Brong Ahafo","GHA.2.4_1","Atebubu-Amantin",112222.569904327,0.196629386288779,0.176976456834332,2020
"GHA","Ghana","GHA.2_1","Brong Ahafo","GHA.2.5_1","Berekum",185548.067968369,0.259785133965161,0.216266432652367,2020
"GHA","Ghana","GHA.2_1","Brong Ahafo","GHA.2.6_1","Dormaa",290697.293185234,0.309115978286547,0.274115044639567,2020
"GHA","Ghana","GHA.2_1","Brong Ahafo","GHA.2.7_1","Jaman North",88761.2558221817,0.31178093148816,0.300523687674237,2020
"GHA","Ghana","GHA.2_1","Brong Ahafo","GHA.2.8_1","Jaman South",113669.592205048,0.298133963817044,0.279340155638827,2020
"GHA","Ghana","GHA.2_1","Brong Ahafo","GHA.2.9_1","Kintampo North",105599.018394947,0.216000550509618,0.210088123236818,2020
"GHA","Ghana","GHA.2_1","Brong Ahafo","GHA.2.10_1","Kintampo South",115946.134123802,0.226766937158324,0.221075508640479,2020
"GHA","Ghana","GHA.2_1","Brong Ahafo","GHA.2.11_1","Nkoranza",216494.310993195,0.181926669486399,0.174892321227014,2020
"GHA","Ghana","GHA.2_1","Brong Ahafo","GHA.2.12_1","Pru",176226.66387248,0.184368640184402,0.173041013123953,2020
"GHA","Ghana","GHA.2_1","Brong Ahafo","GHA.2.13_1","Sene",199010.325405285,0.234395501314822,0.220338212931094,2020
"GHA","Ghana","GHA.2_1","Brong Ahafo","GHA.2.14_1","Sunyani",237801.139177322,0.245484350757165,0.205462630052343,2020
"GHA","Ghana","GHA.2_1","Brong Ahafo","GHA.2.15_1","Tain",245411.987099171,0.291064697990612,0.261206471278942,2020
"GHA","Ghana","GHA.2_1","Brong Ahafo","GHA.2.16_1","Tano North",73035.4031734467,0.229970307877431,0.226490476547915,2020
"GHA","Ghana","GHA.2_1","Brong Ahafo","GHA.2.17_1","Tano South",96347.0403022766,0.206790882965614,0.201267074441252,2020
"GHA","Ghana","GHA.2_1","Brong Ahafo","GHA.2.18_1","Techiman",230169.511964798,0.217019929919603,0.195639681987437,2020
"GHA","Ghana","GHA.3_1","Central","GHA.3.1_1","Abura-Asebu-Kwamankese",189056.928192139,0.191523429006338,0.171595653588766,2020
"GHA","Ghana","GHA.3_1","Central","GHA.3.2_1","Agona",291054.747947693,0.263102474622428,0.234143510274511,2020
"GHA","Ghana","GHA.3_1","Central","GHA.3.3_1","Ajumako-Enyan-Esiam",184495.620178223,0.226383968478157,0.213178911420664,2020
"GHA","Ghana","GHA.3_1","Central","GHA.3.4_1","Asikuma Odoben Brakwa",160231.712493896,0.275334370935836,0.261310195026031,2020
"GHA","Ghana","GHA.3_1","Central","GHA.3.5_1","Assin North",230138.908824921,0.289693837625939,0.274714299868077,2020
"GHA","Ghana","GHA.3_1","Central","GHA.3.6_1","Assin South",141328.685962677,0.257352166175842,0.24258968395283,2020
"GHA","Ghana","GHA.3_1","Central","GHA.3.7_1","Awutu Efutu Senya",631608.60610199,0.165865698095524,0.136336755330766,2020
"GHA","Ghana","GHA.3_1","Central","GHA.3.8_1","Cape Coast",213268.177101135,0.180613001187642,0.165250405664308,2020
"GHA","Ghana","GHA.3_1","Central","GHA.3.9_1","Gomoa",312006.714946747,0.196544689312577,0.185501365572151,2020
"GHA","Ghana","GHA.3_1","Central","GHA.3.10_1","Komenda-Edina-Eguafo-Abirem",159564.66476059,0.214520178735256,0.190309005357164,2020
"GHA","Ghana","GHA.3_1","Central","GHA.3.11_1","Lower Denkyira",110848.694519997,0.274305166676641,0.262724181012294,2020
"GHA","Ghana","GHA.3_1","Central","GHA.3.12_1","Mfantsiman",202426.529960632,0.182073534889655,0.177513199610851,2020
"GHA","Ghana","GHA.3_1","Central","GHA.3.13_1","Upper Denkyira",137520.886958122,0.287797301373583,0.269910238050098,2020
"GHA","Ghana","GHA.4_1","Eastern","GHA.4.1_1","Afram Plains",340655.475521386,0.264443727687371,0.284801368000474,2020
"GHA","Ghana","GHA.4_1","Eastern","GHA.4.2_1","Akwapim North",165423.886932373,0.223857102485803,0.209136066452474,2020
"GHA","Ghana","GHA.4_1","Eastern","GHA.4.3_1","Akwapim South",183521.063056946,0.159507964463795,0.146592078950596,2020
"GHA","Ghana","GHA.4_1","Eastern","GHA.4.4_1","Asuogyaman",138707.470502973,0.209748326523884,0.230117160642262,2020
"GHA","Ghana","GHA.4_1","Eastern","GHA.4.5_1","Atiwa",147999.552391052,0.325518712793526,0.31369528516497,2020
"GHA","Ghana","GHA.4_1","Eastern","GHA.4.6_1","Birim North",257043.032159805,0.314190955652345,0.302182110641714,2020
"GHA","Ghana","GHA.4_1","Eastern","GHA.4.7_1","Birim South",368420.100536346,0.321048407091035,0.301140936409056,2020
"GHA","Ghana","GHA.4_1","Eastern","GHA.4.8_1","East Akim",218764.466533661,0.279443013880934,0.270039404813504,2020
"GHA","Ghana","GHA.4_1","Eastern","GHA.4.9_1","Fanteakwa",152361.075094104,0.268375658201721,0.270512697787867,2020
"GHA","Ghana","GHA.4_1","Eastern","GHA.4.10_1","Kwabibirem",231507.830778122,0.333905267063528,0.320176212049911,2020
"GHA","Ghana","GHA.4_1","Eastern","GHA.4.11_1","Kwahu South",163099.610524595,0.239721662998199,0.231535950615566,2020
"GHA","Ghana","GHA.4_1","Eastern","GHA.4.12_1","Kwahu West",104347.382148743,0.265153541376716,0.234981481903296,2020
"GHA","Ghana","GHA.4_1","Eastern","GHA.4.13_1","Manya Krobo",93487.1848721504,0.257293388974376,0.265651987802447,2020
"GHA","Ghana","GHA.4_1","Eastern","GHA.4.14_1","New Juaben",245667.663192749,0.251783492043614,0.21611719179162,2020
"GHA","Ghana","GHA.4_1","Eastern","GHA.4.15_1","Suhum Kraboa Coaltar",218378.594051361,0.262967246274153,0.249157975574924,2020
"GHA","Ghana","GHA.4_1","Eastern","GHA.4.16_1","West Akim",204806.731754303,0.279265236237953,0.264765614316897,2020
"GHA","Ghana","GHA.4_1","Eastern","GHA.4.17_1","Yilo Krobo",101106.31149292,0.240829196241167,0.226740302497526,2020
"GHA","Ghana","GHA.5_1","Greater Accra","GHA.5.1_1","Accra",3034769.56628418,0.0710590252918857,0.0676376285623712,2020
"GHA","Ghana","GHA.5_1","Greater Accra","GHA.5.2_1","Dangbe East",203425.684099197,0.145867096652326,0.144322247731372,2020
"GHA","Ghana","GHA.5_1","Greater Accra","GHA.5.3_1","Dangbe West",181496.516092777,0.115894795491778,0.0970183521678531,2020
"GHA","Ghana","GHA.5_1","Greater Accra","GHA.5.4_1","Ga East",339974.186859131,0.112463307566941,0.10968723457516,2020
"GHA","Ghana","GHA.5_1","Greater Accra","GHA.5.5_1","Ga West",464375.441371918,0.142107746005058,0.123062627247949,2020
"GHA","Ghana","GHA.5_1","Greater Accra","GHA.5.6_1","Tema",988604.976676941,0.0931534772738814,0.0797731817942547,2020
"GHA","Ghana","GHA.6_1","Northern","GHA.6.1_1","Bole",85024.1530127525,0.318878402375471,0.305081141363614,2020
"GHA","Ghana","GHA.6_1","Northern","GHA.6.2_1","Bunkpurugu Yunyoo",201669.165054321,0.180696226946719,0.182870903333972,2020
"GHA","Ghana","GHA.6_1","Northern","GHA.6.3_1","Central Gonja",106115.492040634,0.187651946861795,0.173795446959943,2020
"GHA","Ghana","GHA.6_1","Northern","GHA.6.4_1","East Gonja",334419.281741232,0.211581364290082,0.228324515924987,2020
"GHA","Ghana","GHA.6_1","Northern","GHA.6.5_1","East Mamprusi",127767.618502617,0.14835655957949,0.147152336027829,2020
"GHA","Ghana","GHA.6_1","Northern","GHA.6.6_1","Gushiegu",198941.903303146,0.214699796417303,0.207236550442925,2020
"GHA","Ghana","GHA.6_1","Northern","GHA.6.7_1","Karaga",116314.808338165,0.193943494580742,0.193162974218359,2020
"GHA","Ghana","GHA.6_1","Northern","GHA.6.8_1","Nanumba North",170079.864706993,0.292271004655422,0.299817502081014,2020
"GHA","Ghana","GHA.6_1","Northern","GHA.6.9_1","Nanumba South",197537.533035278,0.329627325429636,0.324997487229368,2020
"GHA","Ghana","GHA.6_1","Northern","GHA.6.10_1","Saboba Chereponi",145105.6701231,0.270605685017633,0.268212184624384,2020
"GHA","Ghana","GHA.6_1","Northern","GHA.6.11_1","Savelugu Nanton",233796.654994965,0.169661021903976,0.173136255929993,2020
"GHA","Ghana","GHA.6_1","Northern","GHA.6.12_1","Sawa-Tuna-Kalba",126800.705776453,0.348322087765804,0.353584156605896,2020
"GHA","Ghana","GHA.6_1","Northern","GHA.6.13_1","Tamale",409606.682266235,0.178260317831128,0.157288895146052,2020
"GHA","Ghana","GHA.6_1","Northern","GHA.6.14_1","Tolon-Kumbungu",125894.20213747,0.141232979497803,0.153399243145005,2020
"GHA","Ghana","GHA.6_1","Northern","GHA.6.15_1","West Gonja",113224.397965193,0.214919453900248,0.207449778273501,2020
"GHA","Ghana","GHA.6_1","Northern","GHA.6.16_1","West Mamprusi",248144.614249706,0.122447612552761,0.121313394045892,2020
"GHA","Ghana","GHA.6_1","Northern","GHA.6.17_1","Yendi",312712.187124729,0.275402630756541,0.274457510846051,2020
"GHA","Ghana","GHA.6_1","Northern","GHA.6.18_1","Zabzugu Tatale",188924.975953102,0.333317536933749,0.328651216931165,2020
"GHA","Ghana","GHA.7_1","Upper East","GHA.7.1_1","Bawku Municipal",213061.023651123,0.109158035367727,0.106513743438709,2020
"GHA","Ghana","GHA.7_1","Upper East","GHA.7.2_1","Bawku West",103378.877887726,0.118835595591615,0.108683699332636,2020
"GHA","Ghana","GHA.7_1","Upper East","GHA.7.3_1","Bolgatanga",155016.362220764,0.110081122429283,0.104426264698939,2020
"GHA","Ghana","GHA.7_1","Upper East","GHA.7.4_1","Bongo",118094.186687469,0.0926221683621407,0.0901474704494532,2020
"GHA","Ghana","GHA.7_1","Upper East","GHA.7.5_1","Builsa",109588.003740311,0.107021793644679,0.103013476323106,2020
"GHA","Ghana","GHA.7_1","Upper East","GHA.7.6_1","Garu Tempane",165156.499523163,0.141865232255724,0.139533600741728,2020
"GHA","Ghana","GHA.7_1","Upper East","GHA.7.7_1","Kassena Nankana",206214.634670317,0.0996519416846611,0.0897309135563218,2020
"GHA","Ghana","GHA.7_1","Upper East","GHA.7.8_1","Talensi Nabdam",82689.171421051,0.112673517229945,0.107924356033451,2020
"GHA","Ghana","GHA.8_1","Upper West","GHA.8.1_1","Jirapa Lambussie",169665.802372932,0.196674563082648,0.193365704075961,2020
"GHA","Ghana","GHA.8_1","Upper West","GHA.8.2_1","Lawra",128828.739431381,0.19590837768344,0.186408725623243,2020
"GHA","Ghana","GHA.8_1","Upper West","GHA.8.3_1","Nadowli",105114.090913773,0.210457637781898,0.204660908645345,2020
"GHA","Ghana","GHA.8_1","Upper West","GHA.8.4_1","Sissala East",80656.9853272438,0.161870916672051,0.16616946256367,2020
"GHA","Ghana","GHA.8_1","Upper West","GHA.8.5_1","Sissala West",71706.6683964729,0.186970021575689,0.182601948931652,2020
"GHA","Ghana","GHA.8_1","Upper West","GHA.8.6_1","Wa",149487.030529976,0.220369961586866,0.210269777774635,2020
"GHA","Ghana","GHA.8_1","Upper West","GHA.8.7_1","Wa East",57029.9887990952,0.19033402649145,0.184216224963717,2020
"GHA","Ghana","GHA.8_1","Upper West","GHA.8.8_1","Wa West",79377.7917585373,0.279949484517177,0.268840559874001,2020
"GHA","Ghana","GHA.9_1","Volta","GHA.9.1_1","Adaklu Anyigbe",103263.526561737,0.311695961919549,0.29077837909987,2020
"GHA","Ghana","GHA.9_1","Volta","GHA.9.2_1","Akatsi",183661.424530029,0.170427501367198,0.156823120718027,2020
"GHA","Ghana","GHA.9_1","Volta","GHA.9.3_1","Ho",370536.467988968,0.349759314899091,0.322712088460312,2020
"GHA","Ghana","GHA.9_1","Volta","GHA.9.4_1","Hohoe",415306.779129028,0.392815455209975,0.366831953692809,2020
"GHA","Ghana","GHA.9_1","Volta","GHA.9.5_1","Jasikan",177245.430298477,0.29654352804025,0.314599309168693,2020
"GHA","Ghana","GHA.9_1","Volta","GHA.9.6_1","Kadjebi",77488.4473781586,0.316811988419957,0.30772930715312,2020
"GHA","Ghana","GHA.9_1","Volta","GHA.9.7_1","Keta",89459.8287062645,0.107276916969568,0.0839975449120264,2020
"GHA","Ghana","GHA.9_1","Volta","GHA.9.8_1","Ketu",256906.32418251,0.118513241410255,0.106488034425235,2020
"GHA","Ghana","GHA.9_1","Volta","GHA.9.9_1","Kpandu",123886.800202608,0.264392690526115,0.296472535930595,2020
"GHA","Ghana","GHA.9_1","Volta","GHA.9.10_1","Krachi",180330.289828241,0.203022887198521,0.218321216347505,2020
"GHA","Ghana","GHA.9_1","Volta","GHA.9.11_1","Krachi East",136228.824190617,0.201002932723286,0.232331233715266,2020
"GHA","Ghana","GHA.9_1","Volta","GHA.9.12_1","Nkwanta",266296.660745174,0.330580350374564,0.323284053948166,2020
"GHA","Ghana","GHA.9_1","Volta","GHA.9.13_1","North Tongu",173166.310880661,0.201748343835394,0.180429653781695,2020
"GHA","Ghana","GHA.9_1","Volta","GHA.9.14_1","South Dayi",71941.7734462619,0.300170251383231,0.310815041274395,2020
"GHA","Ghana","GHA.9_1","Volta","GHA.9.15_1","South Tongu",103698.673284531,0.115376017015913,0.112865741110263,2020
"GHA","Ghana","GHA.10_1","Western","GHA.10.1_1","Ahanta West",217471.288099289,0.275820510728019,0.226029843934729,2020
"GHA","Ghana","GHA.10_1","Western","GHA.10.2_1","Aowin-Suaman",147918.164357185,0.471473389538005,0.437077263662484,2020
"GHA","Ghana","GHA.10_1","Western","GHA.10.3_1","Bia",127967.255721092,0.409125589007555,0.392803197814251,2020
"GHA","Ghana","GHA.10_1","Western","GHA.10.4_1","Bibiani Anhwiaso Bekwai",153779.20624733,0.278968048366633,0.26179143041081,2020
"GHA","Ghana","GHA.10_1","Western","GHA.10.5_1","Jomoro",180000.17977953,0.374106627086113,0.303246186984796,2020
"GHA","Ghana","GHA.10_1","Western","GHA.10.6_1","Juabeso",156498.495969772,0.433975990022625,0.41089921357114,2020
"GHA","Ghana","GHA.10_1","Western","GHA.10.7_1","Mpohor Wassa East",148851.792840958,0.312347515486181,0.305299675568063,2020
"GHA","Ghana","GHA.10_1","Western","GHA.10.8_1","Nzema East",138758.47235775,0.355469071865082,0.31370736716348,2020
"GHA","Ghana","GHA.10_1","Western","GHA.10.9_1","Sefwi Wiawso",278523.485249519,0.374089539560497,0.348883312457299,2020
"GHA","Ghana","GHA.10_1","Western","GHA.10.10_1","Shama Ahanta East",932040.309043884,0.219534805592369,0.190183669172286,2020
"GHA","Ghana","GHA.10_1","Western","GHA.10.11_1","Wasa Amenfi East",100215.719961166,0.310313131711254,0.312319303738273,2020
"GHA","Ghana","GHA.10_1","Western","GHA.10.12_1","Wasa Amenfi West",162460.468523026,0.383307089805603,0.377272908455738,2020
"GHA","Ghana","GHA.10_1","Western","GHA.10.13_1","Wassa West",250173.463090897,0.345195286664642,0.319540876923148,2020
"GIN","Guinea","GIN.1_1","Boké","GIN.1.1_1","Boffa",225487.633672476,0.175490124408027,0.157161618686174,2020
"GIN","Guinea","GIN.1_1","Boké","GIN.1.2_1","Boké",508548.214280158,0.172518294541136,0.155465524405229,2020
"GIN","Guinea","GIN.1_1","Boké","GIN.1.3_1","Fria",103338.111429214,0.181947747597823,0.174671559853153,2020
"GIN","Guinea","GIN.1_1","Boké","GIN.1.4_1","Gaoual",216073.198533058,0.139990162456475,0.142466907826801,2020
"GIN","Guinea","GIN.1_1","Boké","GIN.1.5_1","Koundara",147172.119146585,0.0935333896089684,0.0805104975769184,2020
"GIN","Guinea","GIN.2_1","Conakry","GIN.2.1_1","Conakry",1806469.12450171,0.163065738976002,0.125470512197746,2020
"GIN","Guinea","GIN.3_1","Faranah","GIN.3.1_1","Dabola",214894.271936655,0.190079430986448,0.166601094239356,2020
"GIN","Guinea","GIN.3_1","Faranah","GIN.3.2_1","Dinguiraye",218775.410694003,0.17408729755484,0.168775918868049,2020
"GIN","Guinea","GIN.3_1","Faranah","GIN.3.3_1","Faranah",343334.931834698,0.326101971119642,0.297056891840233,2020
"GIN","Guinea","GIN.3_1","Faranah","GIN.3.4_1","Kissidougou",308982.398244858,0.391526034739736,0.352973912756015,2020
"GIN","Guinea","GIN.4_1","Kankan","GIN.4.1_1","Kankan",575618.453397989,0.290592052178279,0.229203814345019,2020
"GIN","Guinea","GIN.4_1","Kankan","GIN.4.2_1","Kérouané",232182.54351151,0.315620514175817,0.278578472467645,2020
"GIN","Guinea","GIN.4_1","Kankan","GIN.4.3_1","Kouroussa",328749.304366708,0.260038713614146,0.225469121266437,2020
"GIN","Guinea","GIN.4_1","Kankan","GIN.4.4_1","Mandiana",405679.102856159,0.225557006471748,0.189274337357224,2020
"GIN","Guinea","GIN.4_1","Kankan","GIN.4.5_1","Siguiri",961197.951262116,0.152181348085475,0.143016042391575,2020
"GIN","Guinea","GIN.5_1","Kindia","GIN.5.1_1","Coyah",762242.132349014,0.213296546090034,0.170327314152959,2020
"GIN","Guinea","GIN.5_1","Kindia","GIN.5.2_1","Dubréka",179823.564988613,0.189696058840229,0.187545408106974,2020
"GIN","Guinea","GIN.5_1","Kindia","GIN.5.3_1","Forécariah",264589.976841748,0.302745932433272,0.281217342589441,2020
"GIN","Guinea","GIN.5_1","Kindia","GIN.5.4_1","Kindia",504761.959541082,0.228154149464363,0.209013597985234,2020
"GIN","Guinea","GIN.5_1","Kindia","GIN.5.5_1","Télimélé",301767.75925684,0.167231222200725,0.169814885563938,2020
"GIN","Guinea","GIN.6_1","Labé","GIN.6.1_1","Koubia",103359.384241462,0.151084726873566,0.14722570919677,2020
"GIN","Guinea","GIN.6_1","Labé","GIN.6.2_1","Labé",352883.341571808,0.121837143748999,0.106849485626519,2020
"GIN","Guinea","GIN.6_1","Labé","GIN.6.3_1","Lélouma",169240.693415165,0.13016205932945,0.124634113037829,2020
"GIN","Guinea","GIN.6_1","Labé","GIN.6.4_1","Mali",322759.206511497,0.121814685174037,0.114032477936638,2020
"GIN","Guinea","GIN.6_1","Labé","GIN.6.5_1","Tougué",126702.887229919,0.16782574639558,0.15721930202761,2020
"GIN","Guinea","GIN.7_1","Mamou","GIN.7.1_1","Dalaba",132063.744580746,0.149822949054273,0.14726143677406,2020
"GIN","Guinea","GIN.7_1","Mamou","GIN.7.2_1","Mamou",356567.738917828,0.236329978382265,0.204988087968493,2020
"GIN","Guinea","GIN.7_1","Mamou","GIN.7.3_1","Pita",296359.991488606,0.161308864363328,0.146023876450887,2020
"GIN","Guinea","GIN.8_1","Nzérékoré","GIN.8.1_1","Beyla",405866.807089567,0.347762482741783,0.324033574188203,2020
"GIN","Guinea","GIN.8_1","Nzérékoré","GIN.8.2_1","Guéckédou",262216.032350063,0.334090155634013,0.302219506211373,2020
"GIN","Guinea","GIN.8_1","Nzérékoré","GIN.8.3_1","Lola",187688.9762187,0.42184873216209,0.412847313828113,2020
"GIN","Guinea","GIN.8_1","Nzérékoré","GIN.8.4_1","Macenta",280268.396002769,0.360128267916708,0.337669317740264,2020
"GIN","Guinea","GIN.8_1","Nzérékoré","GIN.8.5_1","Nzérékoré",445693.906954527,0.417187730392451,0.363661384844095,2020
"GIN","Guinea","GIN.8_1","Nzérékoré","GIN.8.6_1","Yamou",104672.238241196,0.491295491655668,0.483806202038618,2020
"GMB","Gambia","GMB.1_1","Banjul","GMB.1.1_1","Banjul",0,NA,NA,2020
"GMB","Gambia","GMB.1_1","Banjul","GMB.1.2_1","Kanifing",180761.809997559,0.0189861431717873,0.0168554326217816,2020
"GMB","Gambia","GMB.2_1","Lower River","GMB.2.1_1","Jarra Central",9074.2536687851,0.0310216856499513,0.0288678211098603,2020
"GMB","Gambia","GMB.2_1","Lower River","GMB.2.2_1","Jarra East",16322.1374835968,0.0310839983738131,0.030691192958893,2020
"GMB","Gambia","GMB.2_1","Lower River","GMB.2.3_1","Jarra West",27368.917345047,0.0265340719165073,0.0281300801247199,2020
"GMB","Gambia","GMB.2_1","Lower River","GMB.2.4_1","Kiang Central",7209.94505405426,0.0392703493790967,0.0403562033284354,2020
"GMB","Gambia","GMB.2_1","Lower River","GMB.2.5_1","Kiang East",4841.28045654297,0.0412655770778656,0.0367390583515905,2020
"GMB","Gambia","GMB.2_1","Lower River","GMB.2.6_1","Kiang West",15868.7739286423,0.0218610179462385,0.0214200883027411,2020
"GMB","Gambia","GMB.3_1","Maccarthy Island","GMB.3.1_1","Fulladu West",83913.8186244965,0.0442183312367309,0.0402302096046949,2020
"GMB","Gambia","GMB.3_1","Maccarthy Island","GMB.3.2_1","Janjanbureh",8020.56987762451,0.0340191051363945,0.0340191051363945,2020
"GMB","Gambia","GMB.3_1","Maccarthy Island","GMB.3.3_1","Lower Saloum",18127.1369743347,0.0285957114538178,0.0292729323171377,2020
"GMB","Gambia","GMB.3_1","Maccarthy Island","GMB.3.4_1","Niamina Dankunku",5630.30459785461,0.0193857656170924,0.0188542436952651,2020
"GMB","Gambia","GMB.3_1","Maccarthy Island","GMB.3.5_1","Niamina East",27231.374307394,0.0403818136957638,0.0386335802223139,2020
"GMB","Gambia","GMB.3_1","Maccarthy Island","GMB.3.6_1","Niamina West",9805.18333911896,0.0256065992372377,0.025116417907474,2020
"GMB","Gambia","GMB.3_1","Maccarthy Island","GMB.3.7_1","Niani",35337.0783061981,0.0478725483020147,0.0468435447738519,2020
"GMB","Gambia","GMB.3_1","Maccarthy Island","GMB.3.8_1","Nianija",11988.0722866058,0.038628357462585,0.0385295063062682,2020
"GMB","Gambia","GMB.3_1","Maccarthy Island","GMB.3.9_1","Sami",31183.9352626801,0.0483848717477587,0.0473475719379961,2020
"GMB","Gambia","GMB.3_1","Maccarthy Island","GMB.3.10_1","Upper Saloum",22183.671754837,0.033279366259064,0.0332382459914003,2020
"GMB","Gambia","GMB.4_1","North Bank","GMB.4.1_1","Central Baddibu",22501.5234775543,0.0189645958133042,0.0198381031729791,2020
"GMB","Gambia","GMB.4_1","North Bank","GMB.4.2_1","Jokadu",26324.6766853333,0.0159628815682871,0.0172579443838566,2020
"GMB","Gambia","GMB.4_1","North Bank","GMB.4.3_1","Lower Baddibu",25570.6139917374,0.0224772976297471,0.0201114800973787,2020
"GMB","Gambia","GMB.4_1","North Bank","GMB.4.4_1","Lower Nuimi",67876.4709453583,0.0142810142732581,0.0114622245992102,2020
"GMB","Gambia","GMB.4_1","North Bank","GMB.4.5_1","Upper Baddibu",90432.1164927483,0.0206978504164991,0.0176763222909065,2020
"GMB","Gambia","GMB.4_1","North Bank","GMB.4.6_1","Upper Nuimi",31213.0158901215,0.0231278437901946,0.0182879887756605,2020
"GMB","Gambia","GMB.5_1","Upper River","GMB.5.1_1","Fulladu East",129076.64408493,0.048460753809195,0.0434074175067477,2020
"GMB","Gambia","GMB.5_1","Upper River","GMB.5.2_1","Kantora",47936.5339546204,0.0427669089287519,0.035798525318916,2020
"GMB","Gambia","GMB.5_1","Upper River","GMB.5.3_1","Sandu",30880.1514987946,0.0501493719570777,0.047428750509951,2020
"GMB","Gambia","GMB.5_1","Upper River","GMB.5.4_1","Wuli",70153.1007900238,0.0420155330681272,0.0348749902796164,2020
"GMB","Gambia","GMB.6_1","Western","GMB.6.1_1","Foni Bintang Karanai",17499.3825378418,0.0273496965944235,0.0272096877218065,2020
"GMB","Gambia","GMB.6_1","Western","GMB.6.2_1","Foni Bondali",8534.14290904999,0.0242839676461049,0.0236538276876239,2020
"GMB","Gambia","GMB.6_1","Western","GMB.6.3_1","Foni Brefet",17006.6222496033,0.0215025497600436,0.0223052368258544,2020
"GMB","Gambia","GMB.6_1","Western","GMB.6.4_1","Foni Jarrol",6910.06634521484,0.0287521085701883,0.0293574878263836,2020
"GMB","Gambia","GMB.6_1","Western","GMB.6.5_1","Foni Kansala",10858.1513853073,0.0223305702209473,0.0233633307230832,2020
"GMB","Gambia","GMB.6_1","Western","GMB.6.6_1","Kombo Central",230240.48690033,0.00736855263797527,0.00532736779340045,2020
"GMB","Gambia","GMB.6_1","Western","GMB.6.7_1","Kombo East",32868.4755134583,0.0182133528093497,0.0141470038913415,2020
"GMB","Gambia","GMB.6_1","Western","GMB.6.8_1","Kombo Saint Mary",639571.710601807,0.0125662780483253,0.0110916702212688,2020
"GMB","Gambia","GMB.6_1","Western","GMB.6.9_1","Kombo South",159424.593109131,0.00659027722795145,0.00320210914055797,2020
"GNB","Guinea-Bissau","GNB.1_1","Bafatá","GNB.1.1_1","Bafata",85863.3874969482,0.0750694658607245,0.0712873871602873,2020
"GNB","Guinea-Bissau","GNB.1_1","Bafatá","GNB.1.2_1","Bambadinca",36973.8681216836,0.0796580277383327,0.0749358792481661,2020
"GNB","Guinea-Bissau","GNB.1_1","Bafatá","GNB.1.3_1","Contuboel",52634.3956069946,0.0618920443313462,0.061550838435317,2020
"GNB","Guinea-Bissau","GNB.1_1","Bafatá","GNB.1.4_1","Galomaro",17714.5074291229,0.0942100408237155,0.0882806993714254,2020
"GNB","Guinea-Bissau","GNB.1_1","Bafatá","GNB.1.5_1","Gamamundo",29418.2600746155,0.0730390983323256,0.072412513079982,2020
"GNB","Guinea-Bissau","GNB.1_1","Bafatá","GNB.1.6_1","Xitole",22942.0094347,0.112931281585118,0.111843858030933,2020
"GNB","Guinea-Bissau","GNB.2_1","Biombo","GNB.2.1_1","Prabis",64698.2532052994,0.0640331013128161,0.0639327208571402,2020
"GNB","Guinea-Bissau","GNB.2_1","Biombo","GNB.2.2_1","Quinhamel",41661.9631599188,0.0579536029082887,0.0534803532559257,2020
"GNB","Guinea-Bissau","GNB.2_1","Biombo","GNB.2.3_1","Safim",91623.4385261536,0.0593907907605171,0.0547503671099714,2020
"GNB","Guinea-Bissau","GNB.3_1","Bissau","GNB.3.1_1","Bissau",383367.235931396,0.0471849044164022,0.0478267785818622,2020
"GNB","Guinea-Bissau","GNB.4_1","Bolama","GNB.4.1_1","Bolama",8701.74173069,0.115557745099068,0.098556757901362,2020
"GNB","Guinea-Bissau","GNB.4_1","Bolama","GNB.4.2_1","Bubaque",8763.72937679291,0.0768323622643948,0.0688084849090284,2020
"GNB","Guinea-Bissau","GNB.4_1","Bolama","GNB.4.3_1","Caravela",8912.72595918179,0.0721869867514161,0.0237321523218979,2020
"GNB","Guinea-Bissau","GNB.5_1","Cacheu","GNB.5.1_1","Bigene",62457.4138221741,0.037164828699568,0.0369240145871417,2020
"GNB","Guinea-Bissau","GNB.5_1","Cacheu","GNB.5.2_1","Bula",40539.6355794072,0.0439120128073476,0.0440343242749128,2020
"GNB","Guinea-Bissau","GNB.5_1","Cacheu","GNB.5.3_1","Cacheu",19587.388285473,0.0483220820980413,0.0478010020030855,2020
"GNB","Guinea-Bissau","GNB.5_1","Cacheu","GNB.5.4_1","Caio",9848.18068122864,0.0532185040852603,0.0435814108165888,2020
"GNB","Guinea-Bissau","GNB.5_1","Cacheu","GNB.5.5_1","Canghungo",47212.8674695492,0.049795171742638,0.0459251074947333,2020
"GNB","Guinea-Bissau","GNB.5_1","Cacheu","GNB.5.6_1","Sao Domingos",29465.4405978173,0.0433607147601636,0.0397986073683791,2020
"GNB","Guinea-Bissau","GNB.6_1","Gabú","GNB.6.1_1","Boe",13597.8563008308,0.0789107442156881,0.0793412428423081,2020
"GNB","Guinea-Bissau","GNB.6_1","Gabú","GNB.6.2_1","Gabu",118523.560216188,0.0856858189015285,0.0793452547689121,2020
"GNB","Guinea-Bissau","GNB.6_1","Gabú","GNB.6.3_1","Piche",60165.6922454834,0.060402212844741,0.0610153745666455,2020
"GNB","Guinea-Bissau","GNB.6_1","Gabú","GNB.6.4_1","Pirada",34596.4530963898,0.0605466752110616,0.0600914733025035,2020
"GNB","Guinea-Bissau","GNB.6_1","Gabú","GNB.6.5_1","Sonaco",41161.0867443085,0.0759076505295328,0.0763437399278237,2020
"GNB","Guinea-Bissau","GNB.7_1","Oio","GNB.7.1_1","Bissora",58985.2733840942,0.0517766012085809,0.051951303047167,2020
"GNB","Guinea-Bissau","GNB.7_1","Oio","GNB.7.2_1","Farim",57695.8874607086,0.0503251734375954,0.0486255702398184,2020
"GNB","Guinea-Bissau","GNB.7_1","Oio","GNB.7.3_1","Mansaba",61277.5850086212,0.0678222416821173,0.0656536024297061,2020
"GNB","Guinea-Bissau","GNB.7_1","Oio","GNB.7.4_1","Mansoa",56109.4809768796,0.0648678940617376,0.061499575930508,2020
"GNB","Guinea-Bissau","GNB.7_1","Oio","GNB.7.5_1","Nhacra",42379.7437105179,0.0593201214214787,0.0590273747522815,2020
"GNB","Guinea-Bissau","GNB.8_1","Quinara","GNB.8.1_1","Buba",22898.7406578064,0.105284828793358,0.0978075894514711,2020
"GNB","Guinea-Bissau","GNB.8_1","Quinara","GNB.8.2_1","Empada",17267.3745803833,0.0866740133899909,0.0851272187951262,2020
"GNB","Guinea-Bissau","GNB.8_1","Quinara","GNB.8.3_1","Fulacunda",14745.2324348837,0.0751333525894504,0.0767212853118525,2020
"GNB","Guinea-Bissau","GNB.8_1","Quinara","GNB.8.4_1","Tite",13628.7846536636,0.0743824286806968,0.07132230333418,2020
"GNB","Guinea-Bissau","GNB.9_1","Tombali","GNB.9.1_1","Bedanda",27745.2470860481,0.0851958089818557,0.0793193909506972,2020
"GNB","Guinea-Bissau","GNB.9_1","Tombali","GNB.9.2_1","Cacine",14181.5243620872,0.089928329984347,0.0655371511591816,2020
"GNB","Guinea-Bissau","GNB.9_1","Tombali","GNB.9.3_1","Catio",37836.9743942618,0.0743727961029762,0.0696925889266875,2020
"GNB","Guinea-Bissau","GNB.9_1","Tombali","GNB.9.4_1","Quebo",20133.2391884327,0.123943853135012,0.124684406280486,2020
"GNQ","Equatorial Guinea","GNQ.1_1","Annobón","GNQ.1.1_1","Mabana",0,NA,NA,2020
"GNQ","Equatorial Guinea","GNQ.1_1","Annobón","GNQ.1.2_1","San Antonio de Palé",0,NA,NA,2020
"GNQ","Equatorial Guinea","GNQ.2_1","Bioko Norte","GNQ.2.1_1","Baney",76565.5820388794,0,0,2020
"GNQ","Equatorial Guinea","GNQ.2_1","Bioko Norte","GNQ.2.2_1","Malabo",113626.352478027,NA,0,2020
"GNQ","Equatorial Guinea","GNQ.2_1","Bioko Norte","GNQ.2.3_1","Rebola",109475.183905602,NA,0,2020
"GNQ","Equatorial Guinea","GNQ.3_1","Bioko Sur","GNQ.3.1_1","Luba",28923.2385158539,0,0,2020
"GNQ","Equatorial Guinea","GNQ.3_1","Bioko Sur","GNQ.3.2_1","Riaba",13241.233833313,0,0,2020
"GNQ","Equatorial Guinea","GNQ.4_1","Centro Sur","GNQ.4.1_1","Acurenam",40633.3058416843,0.456826611189172,0.458430287442039,2020
"GNQ","Equatorial Guinea","GNQ.4_1","Centro Sur","GNQ.4.2_1","Bicurga",19803.8065657616,0.409610802477056,0.409769599597851,2020
"GNQ","Equatorial Guinea","GNQ.4_1","Centro Sur","GNQ.4.3_1","Evinayong",43218.8351750374,0.429143913721634,0.437559067011714,2020
"GNQ","Equatorial Guinea","GNQ.4_1","Centro Sur","GNQ.4.4_1","Niefang",28088.9701676369,0.400774566693739,0.40398575103255,2020
"GNQ","Equatorial Guinea","GNQ.4_1","Centro Sur","GNQ.4.5_1","Nkimi",16583.3638296127,0.40911684862592,0.412803522482806,2020
"GNQ","Equatorial Guinea","GNQ.5_1","Kié-Ntem","GNQ.5.1_1","Bidjabidjan",12509.4952583313,0.491565376520157,0.491167815826331,2020
"GNQ","Equatorial Guinea","GNQ.5_1","Kié-Ntem","GNQ.5.2_1","Ebebiyin",71497.0804405212,0.506702161849813,0.504671843517552,2020
"GNQ","Equatorial Guinea","GNQ.5_1","Kié-Ntem","GNQ.5.3_1","Micomeseng",39789.3485107422,0.454140262944358,0.45231734753722,2020
"GNQ","Equatorial Guinea","GNQ.5_1","Kié-Ntem","GNQ.5.4_1","Nasng",23490.2793617249,0.487654738701307,0.488372584772175,2020
"GNQ","Equatorial Guinea","GNQ.5_1","Kié-Ntem","GNQ.5.5_1","Nkue",28838.0950479507,0.501875075800665,0.502899465673306,2020
"GNQ","Equatorial Guinea","GNQ.5_1","Kié-Ntem","GNQ.5.6_1","Nsok-Nsomo",16722.2557506561,0.463850647211075,0.461526223663012,2020
"GNQ","Equatorial Guinea","GNQ.6_1","Litoral","GNQ.6.1_1","Bata",77702.48351717,0.333207104151899,0.290848487447707,2020
"GNQ","Equatorial Guinea","GNQ.6_1","Litoral","GNQ.6.2_1","Bitica",12858.0969843864,0.368920516810919,0.369612655449053,2020
"GNQ","Equatorial Guinea","GNQ.6_1","Litoral","GNQ.6.3_1","Cogo",101739.954182371,0.381949484703087,0.361950008563392,2020
"GNQ","Equatorial Guinea","GNQ.6_1","Litoral","GNQ.6.4_1","Corisco",2199.03302383423,NA,0,2020
"GNQ","Equatorial Guinea","GNQ.6_1","Litoral","GNQ.6.5_1","Machinda",73413.7294969559,0.384929902413312,0.3555382653955,2020
"GNQ","Equatorial Guinea","GNQ.6_1","Litoral","GNQ.6.6_1","Mbini",73474.1577692032,0.363568390791233,0.349760570380909,2020
"GNQ","Equatorial Guinea","GNQ.6_1","Litoral","GNQ.6.7_1","Rio Campo",26208.9090597034,0.41462409780139,0.410958799749653,2020
"GNQ","Equatorial Guinea","GNQ.7_1","Wele-Nzas","GNQ.7.1_1","Aconibe",31075.4318809509,0.456186444631645,0.458105265630632,2020
"GNQ","Equatorial Guinea","GNQ.7_1","Wele-Nzas","GNQ.7.2_1","Añisok",50875.7188024521,0.457174228351624,0.455869156224727,2020
"GNQ","Equatorial Guinea","GNQ.7_1","Wele-Nzas","GNQ.7.3_1","Ayene",25734.416082859,0.476820776611567,0.478369368534344,2020
"GNQ","Equatorial Guinea","GNQ.7_1","Wele-Nzas","GNQ.7.4_1","Ciudad Nueva Oyala",20574.1743106842,0.450673552496093,0.448470996789894,2020
"GNQ","Equatorial Guinea","GNQ.7_1","Wele-Nzas","GNQ.7.5_1","Mongomeyen",10584.5551748276,0.468559179455042,0.464330403761738,2020
"GNQ","Equatorial Guinea","GNQ.7_1","Wele-Nzas","GNQ.7.6_1","Mongomo",42015.5337791443,0.462248820898145,0.458757421062373,2020
"GNQ","Equatorial Guinea","GNQ.7_1","Wele-Nzas","GNQ.7.7_1","Nsork",24753.430182457,0.456789795966709,0.452860702383222,2020
